recovery_period,scenario,country,risk_level,hotel_tier,recovery_rate_vs_2024,projected_occupancy_pct,projected_revpar_index,investor_confidence_idx,new_hotel_openings_expected,intl_airline_routes_restored_pct
2026Q3,Optimistic,UAE,High,Upper-Upscale,53.0,45.1,53.0,24.8,2,48.7
2026Q4,Optimistic,UAE,High,Upper-Upscale,62.9,53.5,62.9,41.2,4,57.8
2027H1,Optimistic,UAE,High,Upper-Upscale,69.6,59.2,69.6,61.9,3,59.0
2027H2,Optimistic,UAE,High,Upper-Upscale,72.9,61.9,72.9,53.0,4,69.7
2026Q3,Base Case,UAE,High,Upper-Upscale,46.0,39.1,46.0,23.8,2,39.4
2026Q4,Base Case,UAE,High,Upper-Upscale,51.3,43.6,51.3,19.8,2,51.7
2027H1,Base Case,UAE,High,Upper-Upscale,61.7,52.4,61.7,19.7,2,59.1
2027H2,Base Case,UAE,High,Upper-Upscale,59.6,50.7,59.6,20.8,0,46.1
2026Q3,Pessimistic,UAE,High,Upper-Upscale,31.1,26.4,31.1,17.7,0,24.8
2026Q4,Pessimistic,UAE,High,Upper-Upscale,33.2,28.3,33.2,17.7,0,29.5
2027H1,Pessimistic,UAE,High,Upper-Upscale,39.6,33.7,39.6,34.0,1,40.8
2027H2,Pessimistic,UAE,High,Upper-Upscale,55.8,47.5,55.8,24.3,2,55.4
2026Q3,Optimistic,UAE,High,Mid/Upper-Mid,56.3,47.9,56.3,20.7,4,54.5
2026Q4,Optimistic,UAE,High,Mid/Upper-Mid,57.5,48.9,57.5,20.2,2,51.5
2027H1,Optimistic,UAE,High,Mid/Upper-Mid,63.0,53.5,63.0,52.4,3,58.0
2027H2,Optimistic,UAE,High,Mid/Upper-Mid,76.2,64.8,76.2,47.1,3,58.7
2026Q3,Base Case,UAE,High,Mid/Upper-Mid,43.5,37.0,43.5,30.9,1,45.2
2026Q4,Base Case,UAE,High,Mid/Upper-Mid,49.3,41.9,49.3,42.4,2,39.2
2027H1,Base Case,UAE,High,Mid/Upper-Mid,56.6,48.1,56.6,23.7,1,48.5
2027H2,Base Case,UAE,High,Mid/Upper-Mid,63.5,54.0,63.5,54.6,2,55.0
2026Q3,Pessimistic,UAE,High,Mid/Upper-Mid,34.4,29.2,34.4,21.9,1,28.5
2026Q4,Pessimistic,UAE,High,Mid/Upper-Mid,41.3,35.1,41.3,32.0,0,41.0
2027H1,Pessimistic,UAE,High,Mid/Upper-Mid,42.5,36.1,42.5,31.8,2,43.1
2027H2,Pessimistic,UAE,High,Mid/Upper-Mid,51.3,43.6,51.3,35.7,1,39.2
2026Q3,Optimistic,UAE,High,Luxury,49.0,41.7,49.0,24.4,3,47.7
2026Q4,Optimistic,UAE,High,Luxury,62.3,52.9,62.3,46.2,2,47.8
2027H1,Optimistic,UAE,High,Luxury,68.3,58.1,68.3,33.6,1,60.6
2027H2,Optimistic,UAE,High,Luxury,70.0,59.5,70.0,41.4,1,60.4
2026Q3,Base Case,UAE,High,Luxury,42.6,36.2,42.6,16.6,1,34.3
2026Q4,Base Case,UAE,High,Luxury,54.5,46.3,54.5,16.9,1,47.1
2027H1,Base Case,UAE,High,Luxury,60.1,51.1,60.1,44.5,4,50.9
2027H2,Base Case,UAE,High,Luxury,61.8,52.5,61.8,33.6,0,58.8
2026Q3,Pessimistic,UAE,High,Luxury,29.3,24.9,29.3,20.8,0,25.1
2026Q4,Pessimistic,UAE,High,Luxury,35.8,30.5,35.8,19.0,1,29.6
2027H1,Pessimistic,UAE,High,Luxury,42.2,35.8,42.2,30.5,1,39.9
2027H2,Pessimistic,UAE,High,Luxury,46.9,39.9,46.9,15.2,3,40.2
2026Q3,Optimistic,UAE,High,Multi-Scale,51.6,43.9,51.6,44.9,2,41.3
2026Q4,Optimistic,UAE,High,Multi-Scale,62.0,52.7,62.0,19.5,4,57.2
2027H1,Optimistic,UAE,High,Multi-Scale,69.7,59.3,69.7,59.7,2,65.1
2027H2,Optimistic,UAE,High,Multi-Scale,71.0,60.4,71.0,31.6,2,61.0
2026Q3,Base Case,UAE,High,Multi-Scale,44.9,38.1,44.9,37.6,2,46.2
2026Q4,Base Case,UAE,High,Multi-Scale,54.3,46.1,54.3,23.6,2,44.5
2027H1,Base Case,UAE,High,Multi-Scale,54.4,46.2,54.4,25.9,0,43.9
2027H2,Base Case,UAE,High,Multi-Scale,63.0,53.5,63.0,48.0,4,49.6
2026Q3,Pessimistic,UAE,High,Multi-Scale,25.4,21.6,25.4,18.7,0,19.8
2026Q4,Pessimistic,UAE,High,Multi-Scale,39.8,33.8,39.8,19.0,2,32.3
2027H1,Pessimistic,UAE,High,Multi-Scale,42.1,35.7,42.1,28.7,2,39.5
2027H2,Pessimistic,UAE,High,Multi-Scale,53.6,45.5,53.6,29.0,1,50.0
2026Q3,Optimistic,UAE,High,Ultra-Luxury,56.3,47.9,56.3,41.6,1,46.2
2026Q4,Optimistic,UAE,High,Ultra-Luxury,64.8,55.1,64.8,47.1,0,62.2
2027H1,Optimistic,UAE,High,Ultra-Luxury,71.7,60.9,71.7,52.6,4,65.6
2027H2,Optimistic,UAE,High,Ultra-Luxury,75.3,64.0,75.3,45.0,0,64.0
2026Q3,Base Case,UAE,High,Ultra-Luxury,40.9,34.8,40.9,29.2,1,39.7
2026Q4,Base Case,UAE,High,Ultra-Luxury,45.6,38.7,45.6,29.5,3,37.4
2027H1,Base Case,UAE,High,Ultra-Luxury,57.2,48.6,57.2,17.6,2,59.2
2027H2,Base Case,UAE,High,Ultra-Luxury,68.2,58.0,68.2,60.2,5,69.6
2026Q3,Pessimistic,UAE,High,Ultra-Luxury,26.1,22.1,26.1,21.8,0,24.5
2026Q4,Pessimistic,UAE,High,Ultra-Luxury,35.1,29.9,35.1,23.2,1,32.2
2027H1,Pessimistic,UAE,High,Ultra-Luxury,43.0,36.5,43.0,15.5,0,35.9
2027H2,Pessimistic,UAE,High,Ultra-Luxury,50.6,43.0,50.6,45.4,1,41.8
2026Q3,Optimistic,UAE,High,Luxury/Upper-Upscale,50.2,42.6,50.2,25.6,1,40.0
2026Q4,Optimistic,UAE,High,Luxury/Upper-Upscale,59.8,50.8,59.8,35.9,1,58.6
2027H1,Optimistic,UAE,High,Luxury/Upper-Upscale,64.5,54.9,64.5,48.6,4,55.6
2027H2,Optimistic,UAE,High,Luxury/Upper-Upscale,72.9,62.0,72.9,54.5,3,61.8
2026Q3,Base Case,UAE,High,Luxury/Upper-Upscale,40.7,34.6,40.7,13.1,0,37.5
2026Q4,Base Case,UAE,High,Luxury/Upper-Upscale,50.1,42.6,50.1,38.6,0,51.0
2027H1,Base Case,UAE,High,Luxury/Upper-Upscale,58.7,49.9,58.7,20.8,1,52.9
2027H2,Base Case,UAE,High,Luxury/Upper-Upscale,68.7,58.4,68.7,22.1,1,59.7
2026Q3,Pessimistic,UAE,High,Luxury/Upper-Upscale,34.5,29.3,34.5,12.0,2,33.8
2026Q4,Pessimistic,UAE,High,Luxury/Upper-Upscale,36.7,31.2,36.7,30.7,0,36.7
2027H1,Pessimistic,UAE,High,Luxury/Upper-Upscale,42.0,35.7,42.0,15.2,0,35.0
2027H2,Pessimistic,UAE,High,Luxury/Upper-Upscale,56.2,47.7,56.2,39.8,2,52.8
2026Q3,Optimistic,UAE,High,Mid-Scale,54.6,46.4,54.6,42.3,3,46.0
2026Q4,Optimistic,UAE,High,Mid-Scale,65.6,55.8,65.6,29.8,3,65.6
2027H1,Optimistic,UAE,High,Mid-Scale,70.9,60.3,70.9,26.1,1,68.6
2027H2,Optimistic,UAE,High,Mid-Scale,72.6,61.7,72.6,23.7,3,65.2
2026Q3,Base Case,UAE,High,Mid-Scale,42.2,35.9,42.2,13.2,0,38.6
2026Q4,Base Case,UAE,High,Mid-Scale,47.0,39.9,47.0,21.0,1,40.1
2027H1,Base Case,UAE,High,Mid-Scale,53.8,45.8,53.8,45.2,3,51.2
2027H2,Base Case,UAE,High,Mid-Scale,59.4,50.5,59.4,46.4,1,56.6
2026Q3,Pessimistic,UAE,High,Mid-Scale,28.1,23.9,28.1,12.9,1,23.6
2026Q4,Pessimistic,UAE,High,Mid-Scale,40.1,34.1,40.1,22.5,0,34.5
2027H1,Pessimistic,UAE,High,Mid-Scale,42.2,35.8,42.2,20.9,1,33.1
2027H2,Pessimistic,UAE,High,Mid-Scale,48.5,41.2,48.5,38.3,1,38.9
2026Q3,Optimistic,Saudi Arabia,High,Upper-Upscale,49.5,42.1,49.5,30.7,3,49.8
2026Q4,Optimistic,Saudi Arabia,High,Upper-Upscale,59.4,50.5,59.4,20.4,0,56.4
2027H1,Optimistic,Saudi Arabia,High,Upper-Upscale,65.7,55.8,65.7,24.9,5,56.7
2027H2,Optimistic,Saudi Arabia,High,Upper-Upscale,69.3,58.9,69.3,40.8,0,60.6
2026Q3,Base Case,Saudi Arabia,High,Upper-Upscale,43.3,36.8,43.3,29.6,1,36.3
2026Q4,Base Case,Saudi Arabia,High,Upper-Upscale,53.8,45.7,53.8,45.9,3,47.6
2027H1,Base Case,Saudi Arabia,High,Upper-Upscale,56.9,48.4,56.9,22.2,0,48.2
2027H2,Base Case,Saudi Arabia,High,Upper-Upscale,66.3,56.3,66.3,27.2,3,59.6
2026Q3,Pessimistic,Saudi Arabia,High,Upper-Upscale,34.4,29.2,34.4,25.5,0,30.1
2026Q4,Pessimistic,Saudi Arabia,High,Upper-Upscale,33.8,28.7,33.8,15.1,0,29.6
2027H1,Pessimistic,Saudi Arabia,High,Upper-Upscale,43.8,37.2,43.8,37.2,1,36.9
2027H2,Pessimistic,Saudi Arabia,High,Upper-Upscale,55.3,47.0,55.3,27.7,2,50.0
2026Q3,Optimistic,Saudi Arabia,High,Mid/Upper-Mid,49.9,42.4,49.9,33.9,1,43.4
2026Q4,Optimistic,Saudi Arabia,High,Mid/Upper-Mid,65.5,55.6,65.5,44.8,2,55.2
2027H1,Optimistic,Saudi Arabia,High,Mid/Upper-Mid,69.8,59.3,69.8,61.8,1,65.1
2027H2,Optimistic,Saudi Arabia,High,Mid/Upper-Mid,69.9,59.4,69.9,24.0,2,60.0
2026Q3,Base Case,Saudi Arabia,High,Mid/Upper-Mid,46.7,39.7,46.7,18.4,3,45.2
2026Q4,Base Case,Saudi Arabia,High,Mid/Upper-Mid,53.9,45.8,53.9,29.4,1,53.5
2027H1,Base Case,Saudi Arabia,High,Mid/Upper-Mid,61.8,52.6,61.8,18.7,3,51.0
2027H2,Base Case,Saudi Arabia,High,Mid/Upper-Mid,65.8,56.0,65.8,55.2,3,54.0
2026Q3,Pessimistic,Saudi Arabia,High,Mid/Upper-Mid,26.9,22.9,26.9,11.2,0,27.4
2026Q4,Pessimistic,Saudi Arabia,High,Mid/Upper-Mid,39.3,33.4,39.3,16.7,0,34.9
2027H1,Pessimistic,Saudi Arabia,High,Mid/Upper-Mid,39.5,33.6,39.5,17.6,0,32.3
2027H2,Pessimistic,Saudi Arabia,High,Mid/Upper-Mid,53.3,45.3,53.3,23.1,0,50.4
2026Q3,Optimistic,Saudi Arabia,High,Luxury,56.6,48.1,56.6,39.5,4,44.5
2026Q4,Optimistic,Saudi Arabia,High,Luxury,55.9,47.5,55.9,30.1,1,55.5
2027H1,Optimistic,Saudi Arabia,High,Luxury,64.5,54.8,64.5,35.7,2,65.0
2027H2,Optimistic,Saudi Arabia,High,Luxury,76.6,65.1,76.6,33.2,3,73.4
2026Q3,Base Case,Saudi Arabia,High,Luxury,47.0,40.0,47.0,32.3,1,38.4
2026Q4,Base Case,Saudi Arabia,High,Luxury,46.2,39.2,46.2,21.5,3,46.8
2027H1,Base Case,Saudi Arabia,High,Luxury,57.8,49.2,57.8,36.2,0,51.9
2027H2,Base Case,Saudi Arabia,High,Luxury,62.0,52.7,62.0,21.8,1,61.3
2026Q3,Pessimistic,Saudi Arabia,High,Luxury,25.2,21.5,25.2,13.3,0,22.8
2026Q4,Pessimistic,Saudi Arabia,High,Luxury,40.6,34.5,40.6,17.9,1,31.6
2027H1,Pessimistic,Saudi Arabia,High,Luxury,43.3,36.8,43.3,37.7,1,45.1
2027H2,Pessimistic,Saudi Arabia,High,Luxury,48.2,41.0,48.2,18.6,3,43.4
2026Q3,Optimistic,Saudi Arabia,High,Multi-Scale,55.0,46.8,55.0,20.9,4,56.9
2026Q4,Optimistic,Saudi Arabia,High,Multi-Scale,56.8,48.3,56.8,43.7,4,45.6
2027H1,Optimistic,Saudi Arabia,High,Multi-Scale,72.5,61.6,72.5,40.3,3,74.6
2027H2,Optimistic,Saudi Arabia,High,Multi-Scale,75.7,64.3,75.7,38.0,5,60.2
2026Q3,Base Case,Saudi Arabia,High,Multi-Scale,38.5,32.7,38.5,18.2,0,38.8
2026Q4,Base Case,Saudi Arabia,High,Multi-Scale,53.5,45.5,53.5,44.6,2,50.6
2027H1,Base Case,Saudi Arabia,High,Multi-Scale,56.1,47.7,56.1,40.7,3,43.7
2027H2,Base Case,Saudi Arabia,High,Multi-Scale,65.0,55.2,65.0,43.4,3,52.8
2026Q3,Pessimistic,Saudi Arabia,High,Multi-Scale,34.6,29.4,34.6,21.4,1,30.0
2026Q4,Pessimistic,Saudi Arabia,High,Multi-Scale,42.0,35.7,42.0,18.0,1,41.0
2027H1,Pessimistic,Saudi Arabia,High,Multi-Scale,44.9,38.2,44.9,35.3,3,35.6
2027H2,Pessimistic,Saudi Arabia,High,Multi-Scale,46.9,39.9,46.9,40.9,1,38.3
2026Q3,Optimistic,Saudi Arabia,High,Ultra-Luxury,53.9,45.8,53.9,47.6,0,45.3
2026Q4,Optimistic,Saudi Arabia,High,Ultra-Luxury,57.8,49.1,57.8,17.9,2,53.8
2027H1,Optimistic,Saudi Arabia,High,Ultra-Luxury,72.5,61.6,72.5,22.9,0,72.5
2027H2,Optimistic,Saudi Arabia,High,Ultra-Luxury,75.3,64.0,75.3,40.3,2,58.1
2026Q3,Base Case,Saudi Arabia,High,Ultra-Luxury,38.0,32.3,38.0,15.4,1,31.9
2026Q4,Base Case,Saudi Arabia,High,Ultra-Luxury,47.9,40.7,47.9,38.1,3,42.5
2027H1,Base Case,Saudi Arabia,High,Ultra-Luxury,57.4,48.8,57.4,35.6,2,46.5
2027H2,Base Case,Saudi Arabia,High,Ultra-Luxury,61.7,52.4,61.7,35.6,2,62.5
2026Q3,Pessimistic,Saudi Arabia,High,Ultra-Luxury,34.4,29.3,34.4,13.5,2,28.2
2026Q4,Pessimistic,Saudi Arabia,High,Ultra-Luxury,33.5,28.5,33.5,19.2,1,34.7
2027H1,Pessimistic,Saudi Arabia,High,Ultra-Luxury,42.6,36.2,42.6,13.7,1,40.5
2027H2,Pessimistic,Saudi Arabia,High,Ultra-Luxury,53.2,45.3,53.2,33.6,4,54.0
2026Q3,Optimistic,Saudi Arabia,High,Luxury/Upper-Upscale,53.5,45.5,53.5,44.4,1,50.4
2026Q4,Optimistic,Saudi Arabia,High,Luxury/Upper-Upscale,60.8,51.7,60.8,32.9,1,56.6
2027H1,Optimistic,Saudi Arabia,High,Luxury/Upper-Upscale,67.5,57.3,67.5,22.4,2,63.4
2027H2,Optimistic,Saudi Arabia,High,Luxury/Upper-Upscale,76.2,64.8,76.2,30.8,5,74.3
2026Q3,Base Case,Saudi Arabia,High,Luxury/Upper-Upscale,40.1,34.1,40.1,21.9,1,36.4
2026Q4,Base Case,Saudi Arabia,High,Luxury/Upper-Upscale,49.8,42.4,49.8,25.4,3,47.1
2027H1,Base Case,Saudi Arabia,High,Luxury/Upper-Upscale,58.7,49.9,58.7,27.5,4,53.7
2027H2,Base Case,Saudi Arabia,High,Luxury/Upper-Upscale,64.7,55.0,64.7,33.4,0,62.9
2026Q3,Pessimistic,Saudi Arabia,High,Luxury/Upper-Upscale,32.5,27.6,32.5,28.7,1,25.2
2026Q4,Pessimistic,Saudi Arabia,High,Luxury/Upper-Upscale,34.1,29.0,34.1,19.3,0,32.0
2027H1,Pessimistic,Saudi Arabia,High,Luxury/Upper-Upscale,40.1,34.1,40.1,17.5,1,37.2
2027H2,Pessimistic,Saudi Arabia,High,Luxury/Upper-Upscale,51.5,43.8,51.5,24.2,0,40.7
2026Q3,Optimistic,Saudi Arabia,High,Mid-Scale,56.2,47.8,56.2,39.6,2,46.9
2026Q4,Optimistic,Saudi Arabia,High,Mid-Scale,56.9,48.4,56.9,19.9,1,44.7
2027H1,Optimistic,Saudi Arabia,High,Mid-Scale,69.1,58.7,69.1,29.0,5,56.6
2027H2,Optimistic,Saudi Arabia,High,Mid-Scale,69.8,59.3,69.8,56.5,2,72.7
2026Q3,Base Case,Saudi Arabia,High,Mid-Scale,46.0,39.1,46.0,24.4,2,37.7
2026Q4,Base Case,Saudi Arabia,High,Mid-Scale,54.9,46.7,54.9,41.0,0,47.8
2027H1,Base Case,Saudi Arabia,High,Mid-Scale,60.6,51.5,60.6,26.4,0,47.7
2027H2,Base Case,Saudi Arabia,High,Mid-Scale,59.9,50.9,59.9,37.7,0,47.3
2026Q3,Pessimistic,Saudi Arabia,High,Mid-Scale,25.7,21.8,25.7,9.0,0,23.9
2026Q4,Pessimistic,Saudi Arabia,High,Mid-Scale,38.0,32.3,38.0,18.6,2,31.6
2027H1,Pessimistic,Saudi Arabia,High,Mid-Scale,42.7,36.3,42.7,15.6,2,39.4
2027H2,Pessimistic,Saudi Arabia,High,Mid-Scale,46.8,39.8,46.8,16.1,3,35.7
2026Q3,Optimistic,Qatar,High,Upper-Upscale,57.0,48.5,57.0,43.0,1,55.9
2026Q4,Optimistic,Qatar,High,Upper-Upscale,63.8,54.2,63.8,28.0,1,63.0
2027H1,Optimistic,Qatar,High,Upper-Upscale,72.9,62.0,72.9,37.8,2,65.2
2027H2,Optimistic,Qatar,High,Upper-Upscale,72.3,61.4,72.3,37.3,1,59.8
2026Q3,Base Case,Qatar,High,Upper-Upscale,47.4,40.2,47.4,18.5,0,48.5
2026Q4,Base Case,Qatar,High,Upper-Upscale,50.3,42.8,50.3,38.0,1,39.6
2027H1,Base Case,Qatar,High,Upper-Upscale,56.2,47.7,56.2,27.9,1,45.4
2027H2,Base Case,Qatar,High,Upper-Upscale,65.2,55.4,65.2,57.3,1,57.8
2026Q3,Pessimistic,Qatar,High,Upper-Upscale,29.5,25.0,29.5,10.3,0,22.8
2026Q4,Pessimistic,Qatar,High,Upper-Upscale,36.9,31.4,36.9,22.1,0,29.4
2027H1,Pessimistic,Qatar,High,Upper-Upscale,44.3,37.6,44.3,31.4,3,44.4
2027H2,Pessimistic,Qatar,High,Upper-Upscale,51.4,43.7,51.4,39.9,3,41.5
2026Q3,Optimistic,Qatar,High,Mid/Upper-Mid,58.5,49.7,58.5,28.6,2,59.7
2026Q4,Optimistic,Qatar,High,Mid/Upper-Mid,62.0,52.7,62.0,52.5,4,57.6
2027H1,Optimistic,Qatar,High,Mid/Upper-Mid,70.1,59.6,70.1,37.9,4,70.5
2027H2,Optimistic,Qatar,High,Mid/Upper-Mid,68.9,58.6,68.9,60.8,1,71.2
2026Q3,Base Case,Qatar,High,Mid/Upper-Mid,38.8,33.0,38.8,17.7,2,30.8
2026Q4,Base Case,Qatar,High,Mid/Upper-Mid,48.0,40.8,48.0,37.6,1,41.4
2027H1,Base Case,Qatar,High,Mid/Upper-Mid,55.3,47.0,55.3,30.4,0,56.4
2027H2,Base Case,Qatar,High,Mid/Upper-Mid,68.7,58.4,68.7,38.9,5,61.4
2026Q3,Pessimistic,Qatar,High,Mid/Upper-Mid,33.4,28.4,33.4,24.4,0,33.9
2026Q4,Pessimistic,Qatar,High,Mid/Upper-Mid,32.2,27.4,32.2,17.6,1,27.3
2027H1,Pessimistic,Qatar,High,Mid/Upper-Mid,48.8,41.5,48.8,33.8,2,43.7
2027H2,Pessimistic,Qatar,High,Mid/Upper-Mid,54.6,46.4,54.6,22.7,0,43.4
2026Q3,Optimistic,Qatar,High,Luxury,58.4,49.7,58.4,20.7,2,59.1
2026Q4,Optimistic,Qatar,High,Luxury,56.7,48.2,56.7,18.0,0,53.6
2027H1,Optimistic,Qatar,High,Luxury,63.3,53.8,63.3,22.9,0,51.9
2027H2,Optimistic,Qatar,High,Luxury,70.1,59.6,70.1,24.9,5,65.9
2026Q3,Base Case,Qatar,High,Luxury,44.4,37.7,44.4,25.4,0,36.8
2026Q4,Base Case,Qatar,High,Luxury,48.2,41.0,48.2,31.5,1,48.2
2027H1,Base Case,Qatar,High,Luxury,54.8,46.6,54.8,17.4,2,52.0
2027H2,Base Case,Qatar,High,Luxury,67.9,57.7,67.9,58.2,4,57.2
2026Q3,Pessimistic,Qatar,High,Luxury,26.3,22.4,26.3,14.2,0,26.7
2026Q4,Pessimistic,Qatar,High,Luxury,36.6,31.1,36.6,29.0,0,30.8
2027H1,Pessimistic,Qatar,High,Luxury,40.6,34.5,40.6,33.3,0,39.6
2027H2,Pessimistic,Qatar,High,Luxury,48.2,41.0,48.2,42.2,2,48.2
2026Q3,Optimistic,Qatar,High,Multi-Scale,57.0,48.4,57.0,25.8,4,48.5
2026Q4,Optimistic,Qatar,High,Multi-Scale,58.7,49.9,58.7,31.5,2,49.2
2027H1,Optimistic,Qatar,High,Multi-Scale,70.5,59.9,70.5,27.3,1,70.5
2027H2,Optimistic,Qatar,High,Multi-Scale,74.4,63.2,74.4,62.2,5,59.2
2026Q3,Base Case,Qatar,High,Multi-Scale,38.6,32.8,38.6,13.4,2,32.2
2026Q4,Base Case,Qatar,High,Multi-Scale,45.6,38.8,45.6,27.9,3,42.4
2027H1,Base Case,Qatar,High,Multi-Scale,55.7,47.3,55.7,37.7,1,44.7
2027H2,Base Case,Qatar,High,Multi-Scale,62.1,52.8,62.1,44.3,1,49.8
2026Q3,Pessimistic,Qatar,High,Multi-Scale,33.5,28.5,33.5,20.0,1,28.5
2026Q4,Pessimistic,Qatar,High,Multi-Scale,39.8,33.8,39.8,17.5,3,38.8
2027H1,Pessimistic,Qatar,High,Multi-Scale,42.0,35.7,42.0,32.6,0,32.3
2027H2,Pessimistic,Qatar,High,Multi-Scale,49.7,42.3,49.7,39.4,0,47.6
2026Q3,Optimistic,Qatar,High,Ultra-Luxury,50.8,43.1,50.8,45.1,3,40.1
2026Q4,Optimistic,Qatar,High,Ultra-Luxury,58.0,49.3,58.0,40.9,2,56.4
2027H1,Optimistic,Qatar,High,Ultra-Luxury,70.8,60.2,70.8,48.1,4,54.1
2027H2,Optimistic,Qatar,High,Ultra-Luxury,72.9,62.0,72.9,48.0,3,68.7
2026Q3,Base Case,Qatar,High,Ultra-Luxury,43.3,36.8,43.3,27.9,2,36.8
2026Q4,Base Case,Qatar,High,Ultra-Luxury,52.5,44.6,52.5,17.4,2,51.4
2027H1,Base Case,Qatar,High,Ultra-Luxury,54.5,46.3,54.5,16.8,0,51.9
2027H2,Base Case,Qatar,High,Ultra-Luxury,65.7,55.8,65.7,57.8,3,59.1
2026Q3,Pessimistic,Qatar,High,Ultra-Luxury,33.4,28.4,33.4,14.8,0,27.5
2026Q4,Pessimistic,Qatar,High,Ultra-Luxury,42.0,35.7,42.0,33.5,2,37.6
2027H1,Pessimistic,Qatar,High,Ultra-Luxury,43.7,37.1,43.7,28.9,0,41.4
2027H2,Pessimistic,Qatar,High,Ultra-Luxury,51.5,43.8,51.5,26.6,3,44.5
2026Q3,Optimistic,Qatar,High,Luxury/Upper-Upscale,51.0,43.4,51.0,35.7,3,45.8
2026Q4,Optimistic,Qatar,High,Luxury/Upper-Upscale,64.4,54.7,64.4,21.2,5,63.5
2027H1,Optimistic,Qatar,High,Luxury/Upper-Upscale,65.1,55.3,65.1,20.2,4,51.6
2027H2,Optimistic,Qatar,High,Luxury/Upper-Upscale,71.2,60.5,71.2,38.4,3,63.2
2026Q3,Base Case,Qatar,High,Luxury/Upper-Upscale,44.3,37.7,44.3,32.9,1,40.8
2026Q4,Base Case,Qatar,High,Luxury/Upper-Upscale,48.3,41.1,48.3,37.3,3,37.2
2027H1,Base Case,Qatar,High,Luxury/Upper-Upscale,55.7,47.3,55.7,47.5,0,43.4
2027H2,Base Case,Qatar,High,Luxury/Upper-Upscale,62.0,52.7,62.0,45.8,1,56.1
2026Q3,Pessimistic,Qatar,High,Luxury/Upper-Upscale,29.0,24.6,29.0,12.3,2,27.0
2026Q4,Pessimistic,Qatar,High,Luxury/Upper-Upscale,41.1,34.9,41.1,19.4,1,38.7
2027H1,Pessimistic,Qatar,High,Luxury/Upper-Upscale,40.2,34.2,40.2,20.4,0,39.9
2027H2,Pessimistic,Qatar,High,Luxury/Upper-Upscale,53.7,45.6,53.7,45.8,2,55.0
2026Q3,Optimistic,Qatar,High,Mid-Scale,52.4,44.6,52.4,39.0,2,53.2
2026Q4,Optimistic,Qatar,High,Mid-Scale,61.9,52.6,61.9,37.5,2,60.0
2027H1,Optimistic,Qatar,High,Mid-Scale,69.5,59.1,69.5,37.3,4,54.6
2027H2,Optimistic,Qatar,High,Mid-Scale,69.2,58.8,69.2,60.6,4,61.6
2026Q3,Base Case,Qatar,High,Mid-Scale,43.7,37.2,43.7,28.9,3,35.1
2026Q4,Base Case,Qatar,High,Mid-Scale,53.3,45.3,53.3,21.1,1,41.8
2027H1,Base Case,Qatar,High,Mid-Scale,55.5,47.2,55.5,32.8,0,42.2
2027H2,Base Case,Qatar,High,Mid-Scale,66.3,56.3,66.3,53.0,2,56.8
2026Q3,Pessimistic,Qatar,High,Mid-Scale,32.6,27.7,32.6,18.2,1,31.2
2026Q4,Pessimistic,Qatar,High,Mid-Scale,39.2,33.3,39.2,34.3,0,31.9
2027H1,Pessimistic,Qatar,High,Mid-Scale,47.2,40.2,47.2,28.3,2,38.4
2027H2,Pessimistic,Qatar,High,Mid-Scale,48.5,41.2,48.5,33.5,0,43.6
2026Q3,Optimistic,Bahrain,Very High,Upper-Upscale,31.7,26.9,31.7,26.8,0,32.2
2026Q4,Optimistic,Bahrain,Very High,Upper-Upscale,40.9,34.8,40.9,12.6,0,31.5
2027H1,Optimistic,Bahrain,Very High,Upper-Upscale,44.2,37.5,44.2,37.0,0,38.2
2027H2,Optimistic,Bahrain,Very High,Upper-Upscale,46.5,39.5,46.5,15.8,2,39.1
2026Q3,Base Case,Bahrain,Very High,Upper-Upscale,25.7,21.9,25.7,22.8,1,26.9
2026Q4,Base Case,Bahrain,Very High,Upper-Upscale,28.2,24.0,28.2,24.7,1,23.3
2027H1,Base Case,Bahrain,Very High,Upper-Upscale,40.1,34.1,40.1,27.5,2,40.3
2027H2,Base Case,Bahrain,Very High,Upper-Upscale,41.7,35.4,41.7,21.5,2,39.8
2026Q3,Pessimistic,Bahrain,Very High,Upper-Upscale,19.0,16.2,19.0,12.6,1,17.8
2026Q4,Pessimistic,Bahrain,Very High,Upper-Upscale,22.6,19.2,22.6,15.9,0,18.5
2027H1,Pessimistic,Bahrain,Very High,Upper-Upscale,29.1,24.7,29.1,16.6,0,28.1
2027H2,Pessimistic,Bahrain,Very High,Upper-Upscale,28.8,24.4,28.8,25.2,1,22.4
2026Q3,Optimistic,Bahrain,Very High,Mid/Upper-Mid,35.0,29.7,35.0,12.3,0,27.6
2026Q4,Optimistic,Bahrain,Very High,Mid/Upper-Mid,42.6,36.2,42.6,14.6,2,33.0
2027H1,Optimistic,Bahrain,Very High,Mid/Upper-Mid,38.5,32.7,38.5,19.1,1,37.7
2027H2,Optimistic,Bahrain,Very High,Mid/Upper-Mid,41.9,35.6,41.9,34.4,1,38.7
2026Q3,Base Case,Bahrain,Very High,Mid/Upper-Mid,31.8,27.1,31.8,25.5,2,30.7
2026Q4,Base Case,Bahrain,Very High,Mid/Upper-Mid,35.6,30.3,35.6,14.3,0,34.5
2027H1,Base Case,Bahrain,Very High,Mid/Upper-Mid,33.2,28.2,33.2,27.0,2,30.5
2027H2,Base Case,Bahrain,Very High,Mid/Upper-Mid,43.8,37.2,43.8,26.9,1,42.1
2026Q3,Pessimistic,Bahrain,Very High,Mid/Upper-Mid,22.2,18.8,22.2,7.4,1,21.7
2026Q4,Pessimistic,Bahrain,Very High,Mid/Upper-Mid,24.4,20.8,24.4,10.4,1,19.3
2027H1,Pessimistic,Bahrain,Very High,Mid/Upper-Mid,28.0,23.8,28.0,24.9,2,25.8
2027H2,Pessimistic,Bahrain,Very High,Mid/Upper-Mid,32.2,27.3,32.2,19.7,1,26.0
2026Q3,Optimistic,Bahrain,Very High,Luxury,31.4,26.7,31.4,28.0,1,32.3
2026Q4,Optimistic,Bahrain,Very High,Luxury,39.2,33.3,39.2,15.1,2,35.6
2027H1,Optimistic,Bahrain,Very High,Luxury,44.4,37.7,44.4,34.9,0,34.6
2027H2,Optimistic,Bahrain,Very High,Luxury,42.5,36.1,42.5,18.7,3,42.5
2026Q3,Base Case,Bahrain,Very High,Luxury,25.3,21.5,25.3,18.4,1,24.9
2026Q4,Base Case,Bahrain,Very High,Luxury,34.9,29.7,34.9,21.8,0,32.9
2027H1,Base Case,Bahrain,Very High,Luxury,41.2,35.1,41.2,23.2,2,34.1
2027H2,Base Case,Bahrain,Very High,Luxury,37.2,31.6,37.2,16.1,0,28.9
2026Q3,Pessimistic,Bahrain,Very High,Luxury,16.6,14.1,16.6,7.6,0,16.6
2026Q4,Pessimistic,Bahrain,Very High,Luxury,21.8,18.5,21.8,6.9,1,22.0
2027H1,Pessimistic,Bahrain,Very High,Luxury,23.4,19.9,23.4,11.5,0,20.1
2027H2,Pessimistic,Bahrain,Very High,Luxury,34.3,29.1,34.3,20.7,0,28.0
2026Q3,Optimistic,Bahrain,Very High,Multi-Scale,31.8,27.0,31.8,23.3,1,31.2
2026Q4,Optimistic,Bahrain,Very High,Multi-Scale,33.9,28.9,33.9,21.5,0,32.1
2027H1,Optimistic,Bahrain,Very High,Multi-Scale,40.5,34.5,40.5,36.3,0,41.6
2027H2,Optimistic,Bahrain,Very High,Multi-Scale,48.7,41.4,48.7,30.2,1,45.2
2026Q3,Base Case,Bahrain,Very High,Multi-Scale,27.8,23.7,27.8,11.1,0,25.0
2026Q4,Base Case,Bahrain,Very High,Multi-Scale,30.4,25.8,30.4,17.6,2,26.8
2027H1,Base Case,Bahrain,Very High,Multi-Scale,34.3,29.2,34.3,16.9,2,35.4
2027H2,Base Case,Bahrain,Very High,Multi-Scale,38.1,32.4,38.1,12.2,2,33.1
2026Q3,Pessimistic,Bahrain,Very High,Multi-Scale,18.3,15.5,18.3,15.3,0,18.5
2026Q4,Pessimistic,Bahrain,Very High,Multi-Scale,25.6,21.8,25.6,11.0,1,20.1
2027H1,Pessimistic,Bahrain,Very High,Multi-Scale,28.9,24.6,28.9,25.8,1,27.7
2027H2,Pessimistic,Bahrain,Very High,Multi-Scale,37.7,32.1,37.7,33.7,1,32.3
2026Q3,Optimistic,Bahrain,Very High,Ultra-Luxury,31.3,26.6,31.3,20.6,1,30.3
2026Q4,Optimistic,Bahrain,Very High,Ultra-Luxury,42.1,35.8,42.1,19.1,0,37.8
2027H1,Optimistic,Bahrain,Very High,Ultra-Luxury,44.5,37.8,44.5,39.3,0,45.8
2027H2,Optimistic,Bahrain,Very High,Ultra-Luxury,46.3,39.3,46.3,31.4,0,40.6
2026Q3,Base Case,Bahrain,Very High,Ultra-Luxury,30.4,25.8,30.4,19.7,2,30.9
2026Q4,Base Case,Bahrain,Very High,Ultra-Luxury,29.7,25.3,29.7,25.3,1,23.0
2027H1,Base Case,Bahrain,Very High,Ultra-Luxury,32.8,27.9,32.8,11.8,0,27.5
2027H2,Base Case,Bahrain,Very High,Ultra-Luxury,45.7,38.8,45.7,21.9,1,42.0
2026Q3,Pessimistic,Bahrain,Very High,Ultra-Luxury,23.4,19.9,23.4,10.5,0,23.1
2026Q4,Pessimistic,Bahrain,Very High,Ultra-Luxury,21.9,18.6,21.9,16.6,1,21.8
2027H1,Pessimistic,Bahrain,Very High,Ultra-Luxury,29.0,24.6,29.0,19.2,0,29.4
2027H2,Pessimistic,Bahrain,Very High,Ultra-Luxury,31.6,26.9,31.6,26.8,1,29.7
2026Q3,Optimistic,Bahrain,Very High,Luxury/Upper-Upscale,30.4,25.9,30.4,24.0,2,31.0
2026Q4,Optimistic,Bahrain,Very High,Luxury/Upper-Upscale,41.2,35.0,41.2,13.2,1,37.7
2027H1,Optimistic,Bahrain,Very High,Luxury/Upper-Upscale,44.8,38.1,44.8,29.7,3,38.1
2027H2,Optimistic,Bahrain,Very High,Luxury/Upper-Upscale,51.2,43.5,51.2,25.2,3,46.7
2026Q3,Base Case,Bahrain,Very High,Luxury/Upper-Upscale,28.0,23.8,28.0,21.0,1,28.0
2026Q4,Base Case,Bahrain,Very High,Luxury/Upper-Upscale,32.2,27.4,32.2,25.2,2,26.9
2027H1,Base Case,Bahrain,Very High,Luxury/Upper-Upscale,34.6,29.4,34.6,17.2,1,36.2
2027H2,Base Case,Bahrain,Very High,Luxury/Upper-Upscale,43.4,36.9,43.4,31.7,2,43.2
2026Q3,Pessimistic,Bahrain,Very High,Luxury/Upper-Upscale,18.6,15.8,18.6,8.9,0,19.3
2026Q4,Pessimistic,Bahrain,Very High,Luxury/Upper-Upscale,21.3,18.1,21.3,18.2,1,21.6
2027H1,Pessimistic,Bahrain,Very High,Luxury/Upper-Upscale,32.9,28.0,32.9,28.1,2,31.3
2027H2,Pessimistic,Bahrain,Very High,Luxury/Upper-Upscale,32.0,27.2,32.0,24.9,0,29.4
2026Q3,Optimistic,Bahrain,Very High,Mid-Scale,30.9,26.2,30.9,11.4,0,27.8
2026Q4,Optimistic,Bahrain,Very High,Mid-Scale,36.8,31.3,36.8,27.3,2,28.4
2027H1,Optimistic,Bahrain,Very High,Mid-Scale,48.0,40.8,48.0,16.5,3,48.3
2027H2,Optimistic,Bahrain,Very High,Mid-Scale,42.2,35.9,42.2,34.8,1,39.6
2026Q3,Base Case,Bahrain,Very High,Mid-Scale,22.8,19.4,22.8,15.5,0,17.8
2026Q4,Base Case,Bahrain,Very High,Mid-Scale,29.4,25.0,29.4,22.7,2,25.4
2027H1,Base Case,Bahrain,Very High,Mid-Scale,36.6,31.1,36.6,11.1,0,28.2
2027H2,Base Case,Bahrain,Very High,Mid-Scale,38.9,33.1,38.9,12.2,2,32.4
2026Q3,Pessimistic,Bahrain,Very High,Mid-Scale,17.7,15.0,17.7,11.9,0,17.4
2026Q4,Pessimistic,Bahrain,Very High,Mid-Scale,21.6,18.4,21.6,19.0,1,18.6
2027H1,Pessimistic,Bahrain,Very High,Mid-Scale,26.8,22.8,26.8,8.4,2,24.6
2027H2,Pessimistic,Bahrain,Very High,Mid-Scale,33.8,28.7,33.8,27.6,1,27.0
2026Q3,Optimistic,Kuwait,High,Upper-Upscale,53.1,45.1,53.1,17.8,4,48.3
2026Q4,Optimistic,Kuwait,High,Upper-Upscale,62.7,53.3,62.7,41.5,3,49.3
2027H1,Optimistic,Kuwait,High,Upper-Upscale,68.0,57.8,68.0,27.4,4,67.0
2027H2,Optimistic,Kuwait,High,Upper-Upscale,71.8,61.0,71.8,29.1,3,55.8
2026Q3,Base Case,Kuwait,High,Upper-Upscale,44.7,38.0,44.7,23.3,1,34.2
2026Q4,Base Case,Kuwait,High,Upper-Upscale,47.5,40.3,47.5,23.9,0,47.8
2027H1,Base Case,Kuwait,High,Upper-Upscale,61.5,52.3,61.5,21.1,2,48.0
2027H2,Base Case,Kuwait,High,Upper-Upscale,63.7,54.1,63.7,29.6,4,57.2
2026Q3,Pessimistic,Kuwait,High,Upper-Upscale,32.7,27.8,32.7,24.0,1,26.6
2026Q4,Pessimistic,Kuwait,High,Upper-Upscale,39.9,33.9,39.9,31.5,1,38.2
2027H1,Pessimistic,Kuwait,High,Upper-Upscale,48.3,41.0,48.3,37.0,0,40.1
2027H2,Pessimistic,Kuwait,High,Upper-Upscale,52.3,44.5,52.3,28.3,0,45.2
2026Q3,Optimistic,Kuwait,High,Mid/Upper-Mid,58.3,49.5,58.3,21.0,2,59.6
2026Q4,Optimistic,Kuwait,High,Mid/Upper-Mid,58.6,49.8,58.6,38.4,1,57.2
2027H1,Optimistic,Kuwait,High,Mid/Upper-Mid,69.4,59.0,69.4,46.1,4,57.7
2027H2,Optimistic,Kuwait,High,Mid/Upper-Mid,71.0,60.4,71.0,61.4,3,57.7
2026Q3,Base Case,Kuwait,High,Mid/Upper-Mid,46.8,39.8,46.8,15.9,0,46.3
2026Q4,Base Case,Kuwait,High,Mid/Upper-Mid,47.5,40.4,47.5,26.9,0,48.8
2027H1,Base Case,Kuwait,High,Mid/Upper-Mid,59.0,50.2,59.0,27.6,2,56.8
2027H2,Base Case,Kuwait,High,Mid/Upper-Mid,67.5,57.4,67.5,26.6,3,65.7
2026Q3,Pessimistic,Kuwait,High,Mid/Upper-Mid,28.3,24.0,28.3,18.2,1,23.6
2026Q4,Pessimistic,Kuwait,High,Mid/Upper-Mid,40.5,34.4,40.5,35.8,2,37.4
2027H1,Pessimistic,Kuwait,High,Mid/Upper-Mid,42.4,36.0,42.4,35.3,1,36.0
2027H2,Pessimistic,Kuwait,High,Mid/Upper-Mid,49.9,42.4,49.9,37.7,2,50.7
2026Q3,Optimistic,Kuwait,High,Luxury,51.0,43.3,51.0,45.0,2,48.1
2026Q4,Optimistic,Kuwait,High,Luxury,58.7,49.9,58.7,43.7,3,52.9
2027H1,Optimistic,Kuwait,High,Luxury,63.1,53.6,63.1,55.2,3,56.6
2027H2,Optimistic,Kuwait,High,Luxury,74.6,63.4,74.6,52.5,2,73.8
2026Q3,Base Case,Kuwait,High,Luxury,46.4,39.5,46.4,27.0,0,42.3
2026Q4,Base Case,Kuwait,High,Luxury,48.3,41.0,48.3,22.4,0,38.2
2027H1,Base Case,Kuwait,High,Luxury,53.2,45.2,53.2,33.1,0,42.4
2027H2,Base Case,Kuwait,High,Luxury,64.7,55.0,64.7,36.8,2,64.1
2026Q3,Pessimistic,Kuwait,High,Luxury,29.4,25.0,29.4,21.0,0,22.8
2026Q4,Pessimistic,Kuwait,High,Luxury,38.3,32.5,38.3,25.0,1,38.9
2027H1,Pessimistic,Kuwait,High,Luxury,41.0,34.8,41.0,32.9,0,37.9
2027H2,Pessimistic,Kuwait,High,Luxury,53.0,45.0,53.0,22.6,1,53.3
2026Q3,Optimistic,Kuwait,High,Multi-Scale,53.6,45.5,53.6,45.9,0,52.8
2026Q4,Optimistic,Kuwait,High,Multi-Scale,60.0,51.0,60.0,48.8,1,47.6
2027H1,Optimistic,Kuwait,High,Multi-Scale,69.2,58.8,69.2,55.9,2,68.1
2027H2,Optimistic,Kuwait,High,Multi-Scale,75.9,64.5,75.9,56.2,3,75.5
2026Q3,Base Case,Kuwait,High,Multi-Scale,42.1,35.7,42.1,13.8,1,35.3
2026Q4,Base Case,Kuwait,High,Multi-Scale,49.5,42.1,49.5,43.5,3,51.7
2027H1,Base Case,Kuwait,High,Multi-Scale,54.9,46.7,54.9,28.2,1,55.0
2027H2,Base Case,Kuwait,High,Multi-Scale,68.8,58.5,68.8,22.9,5,71.8
2026Q3,Pessimistic,Kuwait,High,Multi-Scale,32.5,27.6,32.5,23.4,0,33.6
2026Q4,Pessimistic,Kuwait,High,Multi-Scale,34.7,29.5,34.7,16.3,1,34.2
2027H1,Pessimistic,Kuwait,High,Multi-Scale,46.2,39.3,46.2,38.2,1,45.9
2027H2,Pessimistic,Kuwait,High,Multi-Scale,47.8,40.6,47.8,25.5,2,43.0
2026Q3,Optimistic,Kuwait,High,Ultra-Luxury,58.1,49.4,58.1,26.8,3,48.6
2026Q4,Optimistic,Kuwait,High,Ultra-Luxury,59.1,50.3,59.1,29.7,3,52.9
2027H1,Optimistic,Kuwait,High,Ultra-Luxury,72.3,61.5,72.3,62.5,3,59.3
2027H2,Optimistic,Kuwait,High,Ultra-Luxury,76.2,64.8,76.2,54.4,5,58.0
2026Q3,Base Case,Kuwait,High,Ultra-Luxury,46.9,39.9,46.9,23.5,3,47.7
2026Q4,Base Case,Kuwait,High,Ultra-Luxury,54.6,46.4,54.6,41.9,2,44.0
2027H1,Base Case,Kuwait,High,Ultra-Luxury,61.5,52.3,61.5,35.8,2,59.1
2027H2,Base Case,Kuwait,High,Ultra-Luxury,67.1,57.0,67.1,39.2,3,63.8
2026Q3,Pessimistic,Kuwait,High,Ultra-Luxury,33.8,28.8,33.8,20.3,2,31.1
2026Q4,Pessimistic,Kuwait,High,Ultra-Luxury,42.1,35.8,42.1,33.9,2,40.8
2027H1,Pessimistic,Kuwait,High,Ultra-Luxury,45.8,38.9,45.8,25.4,1,37.9
2027H2,Pessimistic,Kuwait,High,Ultra-Luxury,55.7,47.4,55.7,43.8,2,54.9
2026Q3,Optimistic,Kuwait,High,Luxury/Upper-Upscale,50.5,42.9,50.5,29.2,2,42.8
2026Q4,Optimistic,Kuwait,High,Luxury/Upper-Upscale,61.2,52.0,61.2,41.9,3,63.3
2027H1,Optimistic,Kuwait,High,Luxury/Upper-Upscale,71.0,60.3,71.0,33.4,3,54.9
2027H2,Optimistic,Kuwait,High,Luxury/Upper-Upscale,77.5,65.9,77.5,51.3,2,61.2
2026Q3,Base Case,Kuwait,High,Luxury/Upper-Upscale,41.4,35.2,41.4,24.3,2,37.0
2026Q4,Base Case,Kuwait,High,Luxury/Upper-Upscale,50.3,42.8,50.3,19.3,1,44.3
2027H1,Base Case,Kuwait,High,Luxury/Upper-Upscale,55.1,46.8,55.1,49.4,2,48.0
2027H2,Base Case,Kuwait,High,Luxury/Upper-Upscale,68.8,58.5,68.8,38.3,1,69.0
2026Q3,Pessimistic,Kuwait,High,Luxury/Upper-Upscale,31.9,27.1,31.9,24.9,0,25.8
2026Q4,Pessimistic,Kuwait,High,Luxury/Upper-Upscale,32.5,27.7,32.5,17.3,0,28.7
2027H1,Pessimistic,Kuwait,High,Luxury/Upper-Upscale,44.1,37.5,44.1,14.9,2,35.3
2027H2,Pessimistic,Kuwait,High,Luxury/Upper-Upscale,47.0,40.0,47.0,33.0,0,36.6
2026Q3,Optimistic,Kuwait,High,Mid-Scale,50.8,43.2,50.8,41.1,1,49.3
2026Q4,Optimistic,Kuwait,High,Mid-Scale,56.0,47.6,56.0,23.8,3,47.3
2027H1,Optimistic,Kuwait,High,Mid-Scale,64.7,55.0,64.7,57.7,2,62.4
2027H2,Optimistic,Kuwait,High,Mid-Scale,75.5,64.2,75.5,35.3,1,69.3
2026Q3,Base Case,Kuwait,High,Mid-Scale,38.8,33.0,38.8,20.5,1,33.4
2026Q4,Base Case,Kuwait,High,Mid-Scale,51.2,43.5,51.2,19.0,2,41.4
2027H1,Base Case,Kuwait,High,Mid-Scale,60.7,51.6,60.7,33.5,1,50.4
2027H2,Base Case,Kuwait,High,Mid-Scale,69.3,58.9,69.3,43.3,3,72.2
2026Q3,Pessimistic,Kuwait,High,Mid-Scale,34.1,29.0,34.1,15.6,2,31.6
2026Q4,Pessimistic,Kuwait,High,Mid-Scale,33.1,28.2,33.1,11.6,0,32.8
2027H1,Pessimistic,Kuwait,High,Mid-Scale,47.6,40.5,47.6,30.4,3,49.5
2027H2,Pessimistic,Kuwait,High,Mid-Scale,56.4,47.9,56.4,37.3,1,49.8
2026Q3,Optimistic,Oman,Medium,Upper-Upscale,67.6,57.4,67.6,43.8,0,62.4
2026Q4,Optimistic,Oman,Medium,Upper-Upscale,81.6,69.4,81.6,65.0,3,66.9
2027H1,Optimistic,Oman,Medium,Upper-Upscale,86.3,73.3,86.3,71.5,4,87.3
2027H2,Optimistic,Oman,Medium,Upper-Upscale,90.7,77.1,90.7,35.9,3,78.9
2026Q3,Base Case,Oman,Medium,Upper-Upscale,54.3,46.2,54.3,31.9,1,49.8
2026Q4,Base Case,Oman,Medium,Upper-Upscale,66.5,56.5,66.5,22.1,1,66.0
2027H1,Base Case,Oman,Medium,Upper-Upscale,75.1,63.8,75.1,61.9,2,60.0
2027H2,Base Case,Oman,Medium,Upper-Upscale,84.8,72.1,84.8,76.1,3,84.1
2026Q3,Pessimistic,Oman,Medium,Upper-Upscale,37.2,31.6,37.2,19.2,2,31.8
2026Q4,Pessimistic,Oman,Medium,Upper-Upscale,44.3,37.7,44.3,24.6,2,35.5
2027H1,Pessimistic,Oman,Medium,Upper-Upscale,60.0,51.0,60.0,41.6,1,58.9
2027H2,Pessimistic,Oman,Medium,Upper-Upscale,65.6,55.8,65.6,46.9,0,67.7
2026Q3,Optimistic,Oman,Medium,Mid/Upper-Mid,70.4,59.9,70.4,53.3,2,71.3
2026Q4,Optimistic,Oman,Medium,Mid/Upper-Mid,79.7,67.7,79.7,66.0,3,79.5
2027H1,Optimistic,Oman,Medium,Mid/Upper-Mid,90.1,76.5,90.1,31.3,1,82.0
2027H2,Optimistic,Oman,Medium,Mid/Upper-Mid,92.2,78.4,92.2,36.8,3,76.8
2026Q3,Base Case,Oman,Medium,Mid/Upper-Mid,57.5,48.9,57.5,30.5,2,44.5
2026Q4,Base Case,Oman,Medium,Mid/Upper-Mid,58.9,50.0,58.9,31.1,4,57.9
2027H1,Base Case,Oman,Medium,Mid/Upper-Mid,73.8,62.7,73.8,60.5,5,64.1
2027H2,Base Case,Oman,Medium,Mid/Upper-Mid,78.7,66.9,78.7,59.0,0,66.9
2026Q3,Pessimistic,Oman,Medium,Mid/Upper-Mid,35.4,30.1,35.4,24.8,0,27.1
2026Q4,Pessimistic,Oman,Medium,Mid/Upper-Mid,42.5,36.1,42.5,14.7,3,37.9
2027H1,Pessimistic,Oman,Medium,Mid/Upper-Mid,52.4,44.6,52.4,17.9,2,51.9
2027H2,Pessimistic,Oman,Medium,Mid/Upper-Mid,63.0,53.6,63.0,44.9,2,65.6
2026Q3,Optimistic,Oman,Medium,Luxury,65.1,55.3,65.1,33.7,2,51.3
2026Q4,Optimistic,Oman,Medium,Luxury,78.6,66.8,78.6,34.0,2,60.4
2027H1,Optimistic,Oman,Medium,Luxury,87.3,74.2,87.3,45.6,6,82.8
2027H2,Optimistic,Oman,Medium,Luxury,88.1,74.9,88.1,32.5,2,74.6
2026Q3,Base Case,Oman,Medium,Luxury,53.6,45.5,53.6,43.2,4,42.1
2026Q4,Base Case,Oman,Medium,Luxury,60.9,51.8,60.9,20.4,0,58.4
2027H1,Base Case,Oman,Medium,Luxury,68.5,58.2,68.5,47.8,2,63.1
2027H2,Base Case,Oman,Medium,Luxury,77.8,66.1,77.8,67.8,2,80.3
2026Q3,Pessimistic,Oman,Medium,Luxury,41.2,35.1,41.2,37.1,0,42.4
2026Q4,Pessimistic,Oman,Medium,Luxury,49.4,42.0,49.4,35.6,3,51.3
2027H1,Pessimistic,Oman,Medium,Luxury,53.6,45.5,53.6,22.9,3,48.0
2027H2,Pessimistic,Oman,Medium,Luxury,66.9,56.8,66.9,21.8,4,67.5
2026Q3,Optimistic,Oman,Medium,Multi-Scale,64.2,54.6,64.2,53.2,1,52.0
2026Q4,Optimistic,Oman,Medium,Multi-Scale,73.9,62.8,73.9,58.9,5,69.2
2027H1,Optimistic,Oman,Medium,Multi-Scale,83.0,70.6,83.0,68.0,6,79.1
2027H2,Optimistic,Oman,Medium,Multi-Scale,90.4,76.9,90.4,80.5,3,74.1
2026Q3,Base Case,Oman,Medium,Multi-Scale,53.4,45.4,53.4,24.7,2,47.1
2026Q4,Base Case,Oman,Medium,Multi-Scale,62.7,53.3,62.7,25.3,3,63.0
2027H1,Base Case,Oman,Medium,Multi-Scale,77.6,65.9,77.6,35.9,2,74.9
2027H2,Base Case,Oman,Medium,Multi-Scale,85.2,72.5,85.2,68.0,0,85.0
2026Q3,Pessimistic,Oman,Medium,Multi-Scale,40.3,34.3,40.3,12.8,2,41.7
2026Q4,Pessimistic,Oman,Medium,Multi-Scale,45.7,38.9,45.7,16.0,1,37.9
2027H1,Pessimistic,Oman,Medium,Multi-Scale,52.1,44.3,52.1,19.2,3,48.7
2027H2,Pessimistic,Oman,Medium,Multi-Scale,69.6,59.2,69.6,61.1,4,61.0
2026Q3,Optimistic,Oman,Medium,Ultra-Luxury,71.6,60.8,71.6,28.0,2,70.3
2026Q4,Optimistic,Oman,Medium,Ultra-Luxury,80.3,68.3,80.3,58.0,1,82.3
2027H1,Optimistic,Oman,Medium,Ultra-Luxury,89.0,75.7,89.0,79.9,4,78.2
2027H2,Optimistic,Oman,Medium,Ultra-Luxury,96.3,81.8,96.3,43.7,3,97.6
2026Q3,Base Case,Oman,Medium,Ultra-Luxury,53.4,45.4,53.4,26.2,1,53.3
2026Q4,Base Case,Oman,Medium,Ultra-Luxury,60.4,51.3,60.4,29.3,4,58.9
2027H1,Base Case,Oman,Medium,Ultra-Luxury,71.7,60.9,71.7,59.2,3,68.6
2027H2,Base Case,Oman,Medium,Ultra-Luxury,81.1,68.9,81.1,29.6,4,73.0
2026Q3,Pessimistic,Oman,Medium,Ultra-Luxury,41.7,35.5,41.7,34.6,2,33.6
2026Q4,Pessimistic,Oman,Medium,Ultra-Luxury,50.1,42.6,50.1,18.3,0,46.1
2027H1,Pessimistic,Oman,Medium,Ultra-Luxury,59.7,50.7,59.7,21.4,0,61.8
2027H2,Pessimistic,Oman,Medium,Ultra-Luxury,60.7,51.6,60.7,21.0,2,59.8
2026Q3,Optimistic,Oman,Medium,Luxury/Upper-Upscale,66.6,56.6,66.6,56.3,0,53.8
2026Q4,Optimistic,Oman,Medium,Luxury/Upper-Upscale,77.3,65.7,77.3,48.6,5,65.9
2027H1,Optimistic,Oman,Medium,Luxury/Upper-Upscale,81.9,69.6,81.9,37.9,1,83.3
2027H2,Optimistic,Oman,Medium,Luxury/Upper-Upscale,96.9,82.3,96.9,45.3,1,100.0
2026Q3,Base Case,Oman,Medium,Luxury/Upper-Upscale,52.2,44.4,52.2,20.2,1,51.4
2026Q4,Base Case,Oman,Medium,Luxury/Upper-Upscale,58.9,50.1,58.9,36.7,3,59.0
2027H1,Base Case,Oman,Medium,Luxury/Upper-Upscale,68.4,58.2,68.4,54.2,1,65.1
2027H2,Base Case,Oman,Medium,Luxury/Upper-Upscale,83.5,71.0,83.5,74.1,5,73.2
2026Q3,Pessimistic,Oman,Medium,Luxury/Upper-Upscale,35.7,30.4,35.7,24.0,2,27.6
2026Q4,Pessimistic,Oman,Medium,Luxury/Upper-Upscale,43.7,37.2,43.7,14.8,2,41.5
2027H1,Pessimistic,Oman,Medium,Luxury/Upper-Upscale,52.6,44.7,52.6,20.5,3,40.0
2027H2,Pessimistic,Oman,Medium,Luxury/Upper-Upscale,70.3,59.7,70.3,48.9,0,66.5
2026Q3,Optimistic,Oman,Medium,Mid-Scale,63.7,54.1,63.7,39.5,4,52.4
2026Q4,Optimistic,Oman,Medium,Mid-Scale,75.9,64.6,75.9,44.3,4,62.6
2027H1,Optimistic,Oman,Medium,Mid-Scale,88.9,75.6,88.9,68.7,2,86.3
2027H2,Optimistic,Oman,Medium,Mid-Scale,94.7,80.5,94.7,46.2,0,84.3
2026Q3,Base Case,Oman,Medium,Mid-Scale,50.4,42.9,50.4,16.3,3,44.5
2026Q4,Base Case,Oman,Medium,Mid-Scale,59.5,50.6,59.5,47.5,2,58.1
2027H1,Base Case,Oman,Medium,Mid-Scale,68.9,58.6,68.9,51.4,4,52.5
2027H2,Base Case,Oman,Medium,Mid-Scale,81.4,69.2,81.4,47.5,1,73.6
2026Q3,Pessimistic,Oman,Medium,Mid-Scale,43.0,36.5,43.0,22.2,1,39.1
2026Q4,Pessimistic,Oman,Medium,Mid-Scale,46.6,39.6,46.6,27.5,2,41.2
2027H1,Pessimistic,Oman,Medium,Mid-Scale,56.3,47.9,56.3,40.1,2,45.3
2027H2,Pessimistic,Oman,Medium,Mid-Scale,68.8,58.5,68.8,43.5,1,63.8
2026Q3,Optimistic,Jordan,Medium,Upper-Upscale,64.4,54.8,64.4,27.3,4,59.8
2026Q4,Optimistic,Jordan,Medium,Upper-Upscale,73.9,62.8,73.9,38.2,2,59.9
2027H1,Optimistic,Jordan,Medium,Upper-Upscale,85.1,72.3,85.1,50.3,1,74.9
2027H2,Optimistic,Jordan,Medium,Upper-Upscale,96.1,81.7,96.1,81.4,2,91.9
2026Q3,Base Case,Jordan,Medium,Upper-Upscale,58.6,49.8,58.6,41.4,0,56.0
2026Q4,Base Case,Jordan,Medium,Upper-Upscale,59.1,50.3,59.1,38.8,3,58.6
2027H1,Base Case,Jordan,Medium,Upper-Upscale,74.7,63.5,74.7,50.5,4,69.3
2027H2,Base Case,Jordan,Medium,Upper-Upscale,85.4,72.6,85.4,76.3,3,67.1
2026Q3,Pessimistic,Jordan,Medium,Upper-Upscale,39.9,33.9,39.9,15.9,2,39.4
2026Q4,Pessimistic,Jordan,Medium,Upper-Upscale,42.9,36.5,42.9,18.4,0,32.8
2027H1,Pessimistic,Jordan,Medium,Upper-Upscale,57.0,48.5,57.0,18.4,1,56.7
2027H2,Pessimistic,Jordan,Medium,Upper-Upscale,60.9,51.8,60.9,20.8,1,57.6
2026Q3,Optimistic,Jordan,Medium,Mid/Upper-Mid,70.4,59.9,70.4,52.2,2,58.4
2026Q4,Optimistic,Jordan,Medium,Mid/Upper-Mid,73.0,62.0,73.0,61.4,5,68.3
2027H1,Optimistic,Jordan,Medium,Mid/Upper-Mid,90.3,76.8,90.3,60.8,2,78.7
2027H2,Optimistic,Jordan,Medium,Mid/Upper-Mid,96.8,82.3,96.8,72.8,3,85.0
2026Q3,Base Case,Jordan,Medium,Mid/Upper-Mid,59.4,50.5,59.4,32.3,3,51.0
2026Q4,Base Case,Jordan,Medium,Mid/Upper-Mid,67.3,57.2,67.3,57.5,4,58.5
2027H1,Base Case,Jordan,Medium,Mid/Upper-Mid,77.7,66.0,77.7,29.5,2,80.7
2027H2,Base Case,Jordan,Medium,Mid/Upper-Mid,80.7,68.6,80.7,47.8,5,79.9
2026Q3,Pessimistic,Jordan,Medium,Mid/Upper-Mid,39.4,33.5,39.4,16.0,2,34.0
2026Q4,Pessimistic,Jordan,Medium,Mid/Upper-Mid,50.4,42.8,50.4,45.2,3,43.8
2027H1,Pessimistic,Jordan,Medium,Mid/Upper-Mid,54.1,46.0,54.1,36.1,2,55.5
2027H2,Pessimistic,Jordan,Medium,Mid/Upper-Mid,68.7,58.4,68.7,54.5,4,69.1
2026Q3,Optimistic,Jordan,Medium,Luxury,68.2,58.0,68.2,24.4,4,69.6
2026Q4,Optimistic,Jordan,Medium,Luxury,78.7,66.9,78.7,37.2,0,61.1
2027H1,Optimistic,Jordan,Medium,Luxury,82.0,69.7,82.0,24.8,2,74.9
2027H2,Optimistic,Jordan,Medium,Luxury,93.0,79.0,93.0,83.2,7,77.0
2026Q3,Base Case,Jordan,Medium,Luxury,56.7,48.2,56.7,44.5,2,58.5
2026Q4,Base Case,Jordan,Medium,Luxury,66.3,56.3,66.3,30.9,0,63.6
2027H1,Base Case,Jordan,Medium,Luxury,70.9,60.3,70.9,48.9,2,68.2
2027H2,Base Case,Jordan,Medium,Luxury,83.0,70.5,83.0,67.4,4,84.1
2026Q3,Pessimistic,Jordan,Medium,Luxury,37.1,31.5,37.1,23.7,2,30.8
2026Q4,Pessimistic,Jordan,Medium,Luxury,46.0,39.1,46.0,35.8,1,41.1
2027H1,Pessimistic,Jordan,Medium,Luxury,57.5,48.9,57.5,19.0,3,48.9
2027H2,Pessimistic,Jordan,Medium,Luxury,66.1,56.2,66.1,29.4,1,50.5
2026Q3,Optimistic,Jordan,Medium,Multi-Scale,68.1,57.9,68.1,42.1,0,68.3
2026Q4,Optimistic,Jordan,Medium,Multi-Scale,76.6,65.1,76.6,39.9,6,58.3
2027H1,Optimistic,Jordan,Medium,Multi-Scale,90.9,77.3,90.9,29.9,6,89.7
2027H2,Optimistic,Jordan,Medium,Multi-Scale,96.8,82.3,96.8,35.9,4,99.1
2026Q3,Base Case,Jordan,Medium,Multi-Scale,52.9,44.9,52.9,31.4,1,43.3
2026Q4,Base Case,Jordan,Medium,Multi-Scale,64.1,54.5,64.1,49.0,2,52.0
2027H1,Base Case,Jordan,Medium,Multi-Scale,70.9,60.2,70.9,37.5,2,64.0
2027H2,Base Case,Jordan,Medium,Multi-Scale,84.7,72.0,84.7,48.0,2,69.8
2026Q3,Pessimistic,Jordan,Medium,Multi-Scale,33.4,28.3,33.4,23.9,2,28.8
2026Q4,Pessimistic,Jordan,Medium,Multi-Scale,45.5,38.7,45.5,23.8,0,37.0
2027H1,Pessimistic,Jordan,Medium,Multi-Scale,53.0,45.0,53.0,30.8,0,46.9
2027H2,Pessimistic,Jordan,Medium,Multi-Scale,65.6,55.8,65.6,46.2,5,56.3
2026Q3,Optimistic,Jordan,Medium,Ultra-Luxury,70.4,59.9,70.4,26.3,5,66.0
2026Q4,Optimistic,Jordan,Medium,Ultra-Luxury,79.3,67.4,79.3,65.5,4,62.2
2027H1,Optimistic,Jordan,Medium,Ultra-Luxury,81.7,69.4,81.7,61.2,5,64.5
2027H2,Optimistic,Jordan,Medium,Ultra-Luxury,88.0,74.8,88.0,64.1,5,79.3
2026Q3,Base Case,Jordan,Medium,Ultra-Luxury,55.9,47.5,55.9,18.2,1,58.1
2026Q4,Base Case,Jordan,Medium,Ultra-Luxury,59.4,50.5,59.4,33.1,2,59.3
2027H1,Base Case,Jordan,Medium,Ultra-Luxury,70.0,59.5,70.0,53.4,2,67.1
2027H2,Base Case,Jordan,Medium,Ultra-Luxury,78.4,66.6,78.4,59.9,3,79.5
2026Q3,Pessimistic,Jordan,Medium,Ultra-Luxury,39.1,33.2,39.1,22.2,1,39.0
2026Q4,Pessimistic,Jordan,Medium,Ultra-Luxury,44.4,37.7,44.4,28.4,0,38.4
2027H1,Pessimistic,Jordan,Medium,Ultra-Luxury,59.9,50.9,59.9,39.7,1,46.4
2027H2,Pessimistic,Jordan,Medium,Ultra-Luxury,64.6,55.0,64.6,35.4,0,50.6
2026Q3,Optimistic,Jordan,Medium,Luxury/Upper-Upscale,66.3,56.3,66.3,52.2,0,59.4
2026Q4,Optimistic,Jordan,Medium,Luxury/Upper-Upscale,78.4,66.7,78.4,37.5,0,74.0
2027H1,Optimistic,Jordan,Medium,Luxury/Upper-Upscale,86.8,73.8,86.8,68.4,3,88.1
2027H2,Optimistic,Jordan,Medium,Luxury/Upper-Upscale,91.7,78.0,91.7,43.3,1,77.5
2026Q3,Base Case,Jordan,Medium,Luxury/Upper-Upscale,59.3,50.4,59.3,30.2,3,46.5
2026Q4,Base Case,Jordan,Medium,Luxury/Upper-Upscale,61.8,52.5,61.8,45.9,1,64.0
2027H1,Base Case,Jordan,Medium,Luxury/Upper-Upscale,77.5,65.9,77.5,36.3,5,71.1
2027H2,Base Case,Jordan,Medium,Luxury/Upper-Upscale,78.1,66.4,78.1,24.9,3,66.4
2026Q3,Pessimistic,Jordan,Medium,Luxury/Upper-Upscale,34.3,29.2,34.3,16.3,1,33.8
2026Q4,Pessimistic,Jordan,Medium,Luxury/Upper-Upscale,51.6,43.9,51.6,18.8,1,47.3
2027H1,Pessimistic,Jordan,Medium,Luxury/Upper-Upscale,56.2,47.8,56.2,30.7,1,58.3
2027H2,Pessimistic,Jordan,Medium,Luxury/Upper-Upscale,68.1,57.9,68.1,25.7,0,54.8
2026Q3,Optimistic,Jordan,Medium,Mid-Scale,71.5,60.8,71.5,31.8,1,64.9
2026Q4,Optimistic,Jordan,Medium,Mid-Scale,78.7,66.9,78.7,34.9,4,68.5
2027H1,Optimistic,Jordan,Medium,Mid-Scale,89.1,75.8,89.1,44.1,4,85.9
2027H2,Optimistic,Jordan,Medium,Mid-Scale,89.4,76.0,89.4,27.7,0,87.7
2026Q3,Base Case,Jordan,Medium,Mid-Scale,52.1,44.2,52.1,41.7,3,53.3
2026Q4,Base Case,Jordan,Medium,Mid-Scale,63.0,53.5,63.0,30.4,0,56.8
2027H1,Base Case,Jordan,Medium,Mid-Scale,69.3,58.9,69.3,22.6,0,58.9
2027H2,Base Case,Jordan,Medium,Mid-Scale,84.2,71.6,84.2,55.9,6,68.9
2026Q3,Pessimistic,Jordan,Medium,Mid-Scale,38.3,32.5,38.3,19.7,2,34.4
2026Q4,Pessimistic,Jordan,Medium,Mid-Scale,47.6,40.5,47.6,38.4,2,49.4
2027H1,Pessimistic,Jordan,Medium,Mid-Scale,52.9,45.0,52.9,21.9,3,48.7
2027H2,Pessimistic,Jordan,Medium,Mid-Scale,60.8,51.7,60.8,40.5,4,55.6
2026Q3,Optimistic,Egypt,Low,Upper-Upscale,80.8,68.7,80.8,48.5,4,72.2
2026Q4,Optimistic,Egypt,Low,Upper-Upscale,89.9,76.4,89.9,64.3,2,71.0
2027H1,Optimistic,Egypt,Low,Upper-Upscale,105.6,89.8,105.6,73.5,7,100.0
2027H2,Optimistic,Egypt,Low,Upper-Upscale,110.0,92.0,110.0,88.4,3,100.0
2026Q3,Base Case,Egypt,Low,Upper-Upscale,71.2,60.5,71.2,28.8,3,55.5
2026Q4,Base Case,Egypt,Low,Upper-Upscale,76.6,65.1,76.6,66.5,2,58.5
2027H1,Base Case,Egypt,Low,Upper-Upscale,91.2,77.5,91.2,76.5,6,82.4
2027H2,Base Case,Egypt,Low,Upper-Upscale,103.5,88.0,103.5,35.0,7,93.0
2026Q3,Pessimistic,Egypt,Low,Upper-Upscale,41.9,35.6,41.9,30.8,0,33.9
2026Q4,Pessimistic,Egypt,Low,Upper-Upscale,59.2,50.3,59.2,31.2,2,45.4
2027H1,Pessimistic,Egypt,Low,Upper-Upscale,69.0,58.6,69.0,23.8,2,55.1
2027H2,Pessimistic,Egypt,Low,Upper-Upscale,80.9,68.7,80.9,29.2,3,79.6
2026Q3,Optimistic,Egypt,Low,Mid/Upper-Mid,87.8,74.6,87.8,49.7,1,67.8
2026Q4,Optimistic,Egypt,Low,Mid/Upper-Mid,89.5,76.1,89.5,38.3,4,68.2
2027H1,Optimistic,Egypt,Low,Mid/Upper-Mid,105.4,89.6,105.4,85.4,7,87.9
2027H2,Optimistic,Egypt,Low,Mid/Upper-Mid,110.0,92.0,110.0,98.1,4,85.0
2026Q3,Base Case,Egypt,Low,Mid/Upper-Mid,69.5,59.1,69.5,60.3,4,63.4
2026Q4,Base Case,Egypt,Low,Mid/Upper-Mid,74.3,63.1,74.3,40.8,4,67.9
2027H1,Base Case,Egypt,Low,Mid/Upper-Mid,92.6,78.7,92.6,53.2,5,73.9
2027H2,Base Case,Egypt,Low,Mid/Upper-Mid,95.0,80.8,95.0,34.2,0,99.2
2026Q3,Pessimistic,Egypt,Low,Mid/Upper-Mid,48.3,41.0,48.3,26.7,1,46.7
2026Q4,Pessimistic,Egypt,Low,Mid/Upper-Mid,55.4,47.1,55.4,27.3,2,56.1
2027H1,Pessimistic,Egypt,Low,Mid/Upper-Mid,68.3,58.0,68.3,48.5,1,52.4
2027H2,Pessimistic,Egypt,Low,Mid/Upper-Mid,79.5,67.6,79.5,50.4,5,65.3
2026Q3,Optimistic,Egypt,Low,Luxury,83.1,70.6,83.1,70.9,4,71.1
2026Q4,Optimistic,Egypt,Low,Luxury,98.1,83.4,98.1,43.6,0,86.3
2027H1,Optimistic,Egypt,Low,Luxury,108.7,92.0,108.7,66.9,4,91.6
2027H2,Optimistic,Egypt,Low,Luxury,110.0,92.0,110.0,55.0,8,98.9
2026Q3,Base Case,Egypt,Low,Luxury,70.8,60.2,70.8,25.4,3,62.7
2026Q4,Base Case,Egypt,Low,Luxury,79.5,67.6,79.5,37.4,1,82.4
2027H1,Base Case,Egypt,Low,Luxury,91.8,78.0,91.8,64.4,2,73.4
2027H2,Base Case,Egypt,Low,Luxury,99.3,84.4,99.3,65.6,7,82.6
2026Q3,Pessimistic,Egypt,Low,Luxury,43.4,36.9,43.4,15.9,3,34.9
2026Q4,Pessimistic,Egypt,Low,Luxury,54.7,46.5,54.7,42.9,1,55.1
2027H1,Pessimistic,Egypt,Low,Luxury,68.3,58.0,68.3,38.3,0,57.9
2027H2,Pessimistic,Egypt,Low,Luxury,74.7,63.5,74.7,63.2,3,72.0
2026Q3,Optimistic,Egypt,Low,Multi-Scale,81.9,69.6,81.9,68.6,5,70.0
2026Q4,Optimistic,Egypt,Low,Multi-Scale,93.4,79.4,93.4,50.8,2,74.1
2027H1,Optimistic,Egypt,Low,Multi-Scale,106.1,90.2,106.1,62.8,5,100.0
2027H2,Optimistic,Egypt,Low,Multi-Scale,110.0,92.0,110.0,41.3,7,100.0
2026Q3,Base Case,Egypt,Low,Multi-Scale,64.3,54.7,64.3,29.4,2,56.6
2026Q4,Base Case,Egypt,Low,Multi-Scale,76.9,65.4,76.9,51.2,3,59.6
2027H1,Base Case,Egypt,Low,Multi-Scale,88.0,74.8,88.0,33.6,5,78.8
2027H2,Base Case,Egypt,Low,Multi-Scale,97.2,82.6,97.2,54.4,0,82.6
2026Q3,Pessimistic,Egypt,Low,Multi-Scale,49.1,41.8,49.1,17.8,2,43.5
2026Q4,Pessimistic,Egypt,Low,Multi-Scale,61.7,52.4,61.7,27.2,2,56.3
2027H1,Pessimistic,Egypt,Low,Multi-Scale,65.7,55.8,65.7,29.0,0,53.7
2027H2,Pessimistic,Egypt,Low,Multi-Scale,79.9,67.9,79.9,60.0,3,63.9
2026Q3,Optimistic,Egypt,Low,Ultra-Luxury,81.5,69.2,81.5,67.5,2,73.5
2026Q4,Optimistic,Egypt,Low,Ultra-Luxury,93.1,79.2,93.1,59.4,6,96.9
2027H1,Optimistic,Egypt,Low,Ultra-Luxury,100.6,85.5,100.6,51.9,3,84.1
2027H2,Optimistic,Egypt,Low,Ultra-Luxury,110.0,92.0,110.0,69.9,2,99.0
2026Q3,Base Case,Egypt,Low,Ultra-Luxury,70.6,60.0,70.6,51.1,4,65.3
2026Q4,Base Case,Egypt,Low,Ultra-Luxury,76.5,65.0,76.5,45.0,3,58.2
2027H1,Base Case,Egypt,Low,Ultra-Luxury,87.4,74.3,87.4,29.0,0,86.9
2027H2,Base Case,Egypt,Low,Ultra-Luxury,98.6,83.8,98.6,46.5,3,98.2
2026Q3,Pessimistic,Egypt,Low,Ultra-Luxury,47.3,40.2,47.3,26.5,1,46.5
2026Q4,Pessimistic,Egypt,Low,Ultra-Luxury,58.1,49.4,58.1,47.3,0,54.1
2027H1,Pessimistic,Egypt,Low,Ultra-Luxury,67.8,57.6,67.8,34.8,3,68.4
2027H2,Pessimistic,Egypt,Low,Ultra-Luxury,77.6,66.0,77.6,67.2,5,64.5
2026Q3,Optimistic,Egypt,Low,Luxury/Upper-Upscale,78.4,66.7,78.4,45.9,3,65.6
2026Q4,Optimistic,Egypt,Low,Luxury/Upper-Upscale,92.9,79.0,92.9,64.4,6,89.9
2027H1,Optimistic,Egypt,Low,Luxury/Upper-Upscale,108.6,92.0,108.6,75.0,1,100.0
2027H2,Optimistic,Egypt,Low,Luxury/Upper-Upscale,110.0,92.0,110.0,53.8,7,87.7
2026Q3,Base Case,Egypt,Low,Luxury/Upper-Upscale,68.0,57.8,68.0,42.8,2,68.9
2026Q4,Base Case,Egypt,Low,Luxury/Upper-Upscale,79.2,67.3,79.2,63.0,0,77.7
2027H1,Base Case,Egypt,Low,Luxury/Upper-Upscale,85.4,72.6,85.4,31.2,6,74.0
2027H2,Base Case,Egypt,Low,Luxury/Upper-Upscale,102.2,86.9,102.2,55.2,7,79.0
2026Q3,Pessimistic,Egypt,Low,Luxury/Upper-Upscale,45.9,39.0,45.9,31.0,2,40.2
2026Q4,Pessimistic,Egypt,Low,Luxury/Upper-Upscale,61.5,52.3,61.5,50.4,4,48.4
2027H1,Pessimistic,Egypt,Low,Luxury/Upper-Upscale,70.2,59.7,70.2,31.7,3,60.5
2027H2,Pessimistic,Egypt,Low,Luxury/Upper-Upscale,84.1,71.5,84.1,45.8,1,87.3
2026Q3,Optimistic,Egypt,Low,Mid-Scale,87.8,74.6,87.8,74.2,1,74.5
2026Q4,Optimistic,Egypt,Low,Mid-Scale,94.7,80.5,94.7,45.8,5,81.1
2027H1,Optimistic,Egypt,Low,Mid-Scale,109.2,92.0,109.2,76.9,7,84.8
2027H2,Optimistic,Egypt,Low,Mid-Scale,110.0,92.0,110.0,45.7,4,99.0
2026Q3,Base Case,Egypt,Low,Mid-Scale,69.8,59.3,69.8,24.3,5,53.3
2026Q4,Base Case,Egypt,Low,Mid-Scale,77.4,65.8,77.4,55.8,5,63.1
2027H1,Base Case,Egypt,Low,Mid-Scale,91.8,78.0,91.8,77.3,4,88.6
2027H2,Base Case,Egypt,Low,Mid-Scale,97.9,83.2,97.9,64.6,7,88.2
2026Q3,Pessimistic,Egypt,Low,Mid-Scale,44.6,37.9,44.6,38.3,0,37.2
2026Q4,Pessimistic,Egypt,Low,Mid-Scale,53.2,45.2,53.2,26.9,1,55.0
2027H1,Pessimistic,Egypt,Low,Mid-Scale,73.2,62.2,73.2,54.3,4,59.0
2027H2,Pessimistic,Egypt,Low,Mid-Scale,76.8,65.3,76.8,60.2,0,78.6
2026Q3,Optimistic,Lebanon,Very High,Upper-Upscale,31.9,27.1,31.9,14.0,2,26.5
2026Q4,Optimistic,Lebanon,Very High,Upper-Upscale,43.3,36.8,43.3,16.5,3,38.6
2027H1,Optimistic,Lebanon,Very High,Upper-Upscale,41.0,34.9,41.0,28.1,0,33.8
2027H2,Optimistic,Lebanon,Very High,Upper-Upscale,48.6,41.3,48.6,18.8,2,41.7
2026Q3,Base Case,Lebanon,Very High,Upper-Upscale,26.9,22.8,26.9,15.0,1,24.2
2026Q4,Base Case,Lebanon,Very High,Upper-Upscale,33.3,28.3,33.3,15.6,1,28.1
2027H1,Base Case,Lebanon,Very High,Upper-Upscale,40.0,34.0,40.0,23.3,1,33.4
2027H2,Base Case,Lebanon,Very High,Upper-Upscale,42.3,36.0,42.3,22.7,0,39.6
2026Q3,Pessimistic,Lebanon,Very High,Upper-Upscale,15.6,13.3,15.6,12.8,0,14.1
2026Q4,Pessimistic,Lebanon,Very High,Upper-Upscale,25.3,21.5,25.3,12.1,1,19.3
2027H1,Pessimistic,Lebanon,Very High,Upper-Upscale,27.7,23.6,27.7,23.2,1,21.7
2027H2,Pessimistic,Lebanon,Very High,Upper-Upscale,28.1,23.9,28.1,18.1,1,23.7
2026Q3,Optimistic,Lebanon,Very High,Mid/Upper-Mid,30.9,26.2,30.9,18.7,1,25.6
2026Q4,Optimistic,Lebanon,Very High,Mid/Upper-Mid,37.5,31.8,37.5,17.1,0,33.8
2027H1,Optimistic,Lebanon,Very High,Mid/Upper-Mid,42.5,36.1,42.5,25.6,3,38.0
2027H2,Optimistic,Lebanon,Very High,Mid/Upper-Mid,49.2,41.8,49.2,43.3,3,39.9
2026Q3,Base Case,Lebanon,Very High,Mid/Upper-Mid,27.5,23.3,27.5,9.4,0,23.7
2026Q4,Base Case,Lebanon,Very High,Mid/Upper-Mid,32.5,27.6,32.5,20.8,0,32.5
2027H1,Base Case,Lebanon,Very High,Mid/Upper-Mid,36.7,31.2,36.7,16.8,0,38.2
2027H2,Base Case,Lebanon,Very High,Mid/Upper-Mid,44.9,38.1,44.9,22.9,0,36.0
2026Q3,Pessimistic,Lebanon,Very High,Mid/Upper-Mid,21.8,18.5,21.8,10.3,1,18.3
2026Q4,Pessimistic,Lebanon,Very High,Mid/Upper-Mid,25.8,22.0,25.8,15.0,0,25.3
2027H1,Pessimistic,Lebanon,Very High,Mid/Upper-Mid,27.4,23.3,27.4,18.9,0,26.5
2027H2,Pessimistic,Lebanon,Very High,Mid/Upper-Mid,33.7,28.6,33.7,22.4,0,28.7
2026Q3,Optimistic,Lebanon,Very High,Luxury,33.6,28.6,33.6,25.2,1,28.1
2026Q4,Optimistic,Lebanon,Very High,Luxury,36.9,31.4,36.9,11.5,1,38.6
2027H1,Optimistic,Lebanon,Very High,Luxury,45.5,38.7,45.5,17.0,1,35.5
2027H2,Optimistic,Lebanon,Very High,Luxury,42.4,36.1,42.4,14.5,1,39.9
2026Q3,Base Case,Lebanon,Very High,Luxury,23.2,19.8,23.2,16.2,0,19.4
2026Q4,Base Case,Lebanon,Very High,Luxury,34.5,29.4,34.5,30.6,1,28.4
2027H1,Base Case,Lebanon,Very High,Luxury,36.0,30.6,36.0,31.8,0,28.0
2027H2,Base Case,Lebanon,Very High,Luxury,44.5,37.8,44.5,25.2,2,45.8
2026Q3,Pessimistic,Lebanon,Very High,Luxury,21.3,18.1,21.3,14.6,1,18.5
2026Q4,Pessimistic,Lebanon,Very High,Luxury,20.8,17.7,20.8,11.8,0,17.3
2027H1,Pessimistic,Lebanon,Very High,Luxury,29.8,25.3,29.8,22.6,2,23.7
2027H2,Pessimistic,Lebanon,Very High,Luxury,31.1,26.4,31.1,12.2,2,28.0
2026Q3,Optimistic,Lebanon,Very High,Multi-Scale,34.4,29.2,34.4,15.6,1,30.8
2026Q4,Optimistic,Lebanon,Very High,Multi-Scale,39.9,33.9,39.9,30.9,2,33.1
2027H1,Optimistic,Lebanon,Very High,Multi-Scale,44.3,37.6,44.3,27.0,1,37.8
2027H2,Optimistic,Lebanon,Very High,Multi-Scale,48.4,41.2,48.4,33.5,2,45.4
2026Q3,Base Case,Lebanon,Very High,Multi-Scale,30.7,26.1,30.7,12.8,1,24.3
2026Q4,Base Case,Lebanon,Very High,Multi-Scale,32.0,27.2,32.0,16.6,0,32.3
2027H1,Base Case,Lebanon,Very High,Multi-Scale,39.5,33.5,39.5,24.8,0,35.7
2027H2,Base Case,Lebanon,Very High,Multi-Scale,39.6,33.6,39.6,35.0,2,31.8
2026Q3,Pessimistic,Lebanon,Very High,Multi-Scale,15.8,13.4,15.8,12.4,0,12.1
2026Q4,Pessimistic,Lebanon,Very High,Multi-Scale,22.9,19.4,22.9,19.4,0,21.3
2027H1,Pessimistic,Lebanon,Very High,Multi-Scale,29.0,24.6,29.0,11.6,2,25.7
2027H2,Pessimistic,Lebanon,Very High,Multi-Scale,35.8,30.4,35.8,28.6,2,36.9
2026Q3,Optimistic,Lebanon,Very High,Ultra-Luxury,32.7,27.8,32.7,16.3,0,33.8
2026Q4,Optimistic,Lebanon,Very High,Ultra-Luxury,34.4,29.2,34.4,23.7,1,33.7
2027H1,Optimistic,Lebanon,Very High,Ultra-Luxury,38.9,33.1,38.9,27.2,1,38.7
2027H2,Optimistic,Lebanon,Very High,Ultra-Luxury,44.7,38.0,44.7,23.7,0,44.6
2026Q3,Base Case,Lebanon,Very High,Ultra-Luxury,29.8,25.3,29.8,24.3,0,28.0
2026Q4,Base Case,Lebanon,Very High,Ultra-Luxury,28.3,24.0,28.3,22.1,1,27.8
2027H1,Base Case,Lebanon,Very High,Ultra-Luxury,33.1,28.1,33.1,20.4,0,30.9
2027H2,Base Case,Lebanon,Very High,Ultra-Luxury,41.6,35.3,41.6,34.6,2,39.5
2026Q3,Pessimistic,Lebanon,Very High,Ultra-Luxury,21.7,18.4,21.7,17.9,0,16.5
2026Q4,Pessimistic,Lebanon,Very High,Ultra-Luxury,19.9,16.9,19.9,7.5,0,18.0
2027H1,Pessimistic,Lebanon,Very High,Ultra-Luxury,29.7,25.3,29.7,24.5,1,24.2
2027H2,Pessimistic,Lebanon,Very High,Ultra-Luxury,33.9,28.8,33.9,10.2,2,34.3
2026Q3,Optimistic,Lebanon,Very High,Luxury/Upper-Upscale,37.5,31.9,37.5,19.9,1,30.3
2026Q4,Optimistic,Lebanon,Very High,Luxury/Upper-Upscale,39.2,33.4,39.2,26.7,2,37.5
2027H1,Optimistic,Lebanon,Very High,Luxury/Upper-Upscale,45.3,38.5,45.3,38.8,1,43.2
2027H2,Optimistic,Lebanon,Very High,Luxury/Upper-Upscale,49.3,41.9,49.3,37.7,0,50.3
2026Q3,Base Case,Lebanon,Very High,Luxury/Upper-Upscale,29.1,24.7,29.1,17.0,0,22.7
2026Q4,Base Case,Lebanon,Very High,Luxury/Upper-Upscale,35.7,30.3,35.7,14.2,0,35.2
2027H1,Base Case,Lebanon,Very High,Luxury/Upper-Upscale,36.8,31.3,36.8,14.0,1,32.6
2027H2,Base Case,Lebanon,Very High,Luxury/Upper-Upscale,40.4,34.3,40.4,16.8,0,40.6
2026Q3,Pessimistic,Lebanon,Very High,Luxury/Upper-Upscale,17.1,14.5,17.1,11.8,0,16.8
2026Q4,Pessimistic,Lebanon,Very High,Luxury/Upper-Upscale,19.8,16.8,19.8,14.3,0,16.6
2027H1,Pessimistic,Lebanon,Very High,Luxury/Upper-Upscale,32.9,28.0,32.9,21.2,2,32.2
2027H2,Pessimistic,Lebanon,Very High,Luxury/Upper-Upscale,31.6,26.9,31.6,21.5,1,29.0
2026Q3,Optimistic,Lebanon,Very High,Mid-Scale,29.2,24.8,29.2,18.8,2,29.1
2026Q4,Optimistic,Lebanon,Very High,Mid-Scale,41.3,35.1,41.3,23.5,2,41.4
2027H1,Optimistic,Lebanon,Very High,Mid-Scale,42.7,36.3,42.7,36.5,2,37.5
2027H2,Optimistic,Lebanon,Very High,Mid-Scale,44.7,38.0,44.7,30.8,0,42.6
2026Q3,Base Case,Lebanon,Very High,Mid-Scale,31.3,26.6,31.3,12.3,0,31.8
2026Q4,Base Case,Lebanon,Very High,Mid-Scale,34.8,29.5,34.8,30.0,0,31.7
2027H1,Base Case,Lebanon,Very High,Mid-Scale,35.9,30.5,35.9,32.3,1,33.2
2027H2,Base Case,Lebanon,Very High,Mid-Scale,38.7,32.9,38.7,30.8,1,34.1
2026Q3,Pessimistic,Lebanon,Very High,Mid-Scale,23.2,19.7,23.2,15.6,1,22.5
2026Q4,Pessimistic,Lebanon,Very High,Mid-Scale,25.5,21.7,25.5,19.8,1,24.6
2027H1,Pessimistic,Lebanon,Very High,Mid-Scale,23.8,20.2,23.8,11.0,0,18.1
2027H2,Pessimistic,Lebanon,Very High,Mid-Scale,28.6,24.3,28.6,25.5,0,24.7
2026Q3,Optimistic,Iraq,Extreme,Upper-Upscale,19.0,16.2,19.0,13.6,0,16.7
2026Q4,Optimistic,Iraq,Extreme,Upper-Upscale,23.5,20.0,23.5,17.9,1,20.3
2027H1,Optimistic,Iraq,Extreme,Upper-Upscale,24.3,20.6,24.3,10.1,0,22.9
2027H2,Optimistic,Iraq,Extreme,Upper-Upscale,26.3,22.4,26.3,12.6,1,22.5
2026Q3,Base Case,Iraq,Extreme,Upper-Upscale,14.9,12.7,14.9,7.4,0,14.6
2026Q4,Base Case,Iraq,Extreme,Upper-Upscale,20.5,17.4,20.5,9.1,0,20.1
2027H1,Base Case,Iraq,Extreme,Upper-Upscale,24.7,21.0,24.7,13.7,1,19.6
2027H2,Base Case,Iraq,Extreme,Upper-Upscale,25.4,21.6,25.4,17.3,1,25.4
2026Q3,Pessimistic,Iraq,Extreme,Upper-Upscale,14.3,12.2,14.3,12.4,0,14.3
2026Q4,Pessimistic,Iraq,Extreme,Upper-Upscale,17.5,14.9,17.5,7.6,1,13.4
2027H1,Pessimistic,Iraq,Extreme,Upper-Upscale,13.2,11.2,13.2,10.9,0,12.0
2027H2,Pessimistic,Iraq,Extreme,Upper-Upscale,13.7,11.7,13.7,8.2,0,12.9
2026Q3,Optimistic,Iraq,Extreme,Mid/Upper-Mid,22.8,19.4,22.8,8.9,0,23.4
2026Q4,Optimistic,Iraq,Extreme,Mid/Upper-Mid,25.1,21.4,25.1,13.2,0,19.5
2027H1,Optimistic,Iraq,Extreme,Mid/Upper-Mid,20.8,17.7,20.8,16.8,0,16.5
2027H2,Optimistic,Iraq,Extreme,Mid/Upper-Mid,27.6,23.4,27.6,11.9,1,24.6
2026Q3,Base Case,Iraq,Extreme,Mid/Upper-Mid,13.9,11.8,13.9,4.7,0,12.4
2026Q4,Base Case,Iraq,Extreme,Mid/Upper-Mid,21.6,18.4,21.6,14.8,1,19.1
2027H1,Base Case,Iraq,Extreme,Mid/Upper-Mid,20.1,17.1,20.1,8.5,0,20.9
2027H2,Base Case,Iraq,Extreme,Mid/Upper-Mid,22.5,19.1,22.5,7.2,1,19.6
2026Q3,Pessimistic,Iraq,Extreme,Mid/Upper-Mid,10.0,8.5,10.0,5.8,0,10.0
2026Q4,Pessimistic,Iraq,Extreme,Mid/Upper-Mid,17.1,14.6,17.1,6.7,1,15.5
2027H1,Pessimistic,Iraq,Extreme,Mid/Upper-Mid,11.3,9.6,11.3,7.9,0,10.3
2027H2,Pessimistic,Iraq,Extreme,Mid/Upper-Mid,20.8,17.7,20.8,11.9,0,18.9
2026Q3,Optimistic,Iraq,Extreme,Luxury,19.5,16.6,19.5,8.9,0,16.8
2026Q4,Optimistic,Iraq,Extreme,Luxury,21.1,18.0,21.1,13.1,0,20.2
2027H1,Optimistic,Iraq,Extreme,Luxury,29.7,25.2,29.7,16.9,0,26.8
2027H2,Optimistic,Iraq,Extreme,Luxury,30.9,26.3,30.9,13.6,2,31.8
2026Q3,Base Case,Iraq,Extreme,Luxury,16.3,13.9,16.3,9.2,1,13.6
2026Q4,Base Case,Iraq,Extreme,Luxury,21.3,18.1,21.3,14.0,0,16.9
2027H1,Base Case,Iraq,Extreme,Luxury,25.7,21.9,25.7,20.9,1,21.1
2027H2,Base Case,Iraq,Extreme,Luxury,22.9,19.5,22.9,9.0,1,17.9
2026Q3,Pessimistic,Iraq,Extreme,Luxury,10.0,8.5,10.0,5.7,0,10.4
2026Q4,Pessimistic,Iraq,Extreme,Luxury,11.3,9.6,11.3,7.0,0,9.2
2027H1,Pessimistic,Iraq,Extreme,Luxury,14.1,11.9,14.1,11.2,0,13.1
2027H2,Pessimistic,Iraq,Extreme,Luxury,22.0,18.7,22.0,17.1,1,20.8
2026Q3,Optimistic,Iraq,Extreme,Multi-Scale,19.0,16.1,19.0,10.5,0,17.5
2026Q4,Optimistic,Iraq,Extreme,Multi-Scale,23.8,20.2,23.8,9.5,1,19.6
2027H1,Optimistic,Iraq,Extreme,Multi-Scale,20.8,17.6,20.8,17.5,0,17.2
2027H2,Optimistic,Iraq,Extreme,Multi-Scale,31.4,26.7,31.4,11.0,0,31.7
2026Q3,Base Case,Iraq,Extreme,Multi-Scale,18.9,16.1,18.9,6.4,0,18.3
2026Q4,Base Case,Iraq,Extreme,Multi-Scale,20.3,17.2,20.3,10.7,0,15.6
2027H1,Base Case,Iraq,Extreme,Multi-Scale,18.6,15.8,18.6,10.5,0,16.4
2027H2,Base Case,Iraq,Extreme,Multi-Scale,21.5,18.2,21.5,14.1,0,18.4
2026Q3,Pessimistic,Iraq,Extreme,Multi-Scale,14.0,11.9,14.0,4.7,0,13.6
2026Q4,Pessimistic,Iraq,Extreme,Multi-Scale,14.7,12.5,14.7,12.4,0,13.5
2027H1,Pessimistic,Iraq,Extreme,Multi-Scale,12.1,10.2,12.1,9.9,0,9.4
2027H2,Pessimistic,Iraq,Extreme,Multi-Scale,23.5,20.0,23.5,9.3,1,21.4
2026Q3,Optimistic,Iraq,Extreme,Ultra-Luxury,15.0,12.8,15.0,10.1,1,13.3
2026Q4,Optimistic,Iraq,Extreme,Ultra-Luxury,23.9,20.3,23.9,16.3,1,21.7
2027H1,Optimistic,Iraq,Extreme,Ultra-Luxury,28.6,24.3,28.6,22.9,0,22.4
2027H2,Optimistic,Iraq,Extreme,Ultra-Luxury,30.5,25.9,30.5,16.9,1,24.0
2026Q3,Base Case,Iraq,Extreme,Ultra-Luxury,15.4,13.1,15.4,8.9,0,14.3
2026Q4,Base Case,Iraq,Extreme,Ultra-Luxury,14.8,12.6,14.8,4.5,1,13.3
2027H1,Base Case,Iraq,Extreme,Ultra-Luxury,21.4,18.2,21.4,6.8,1,20.8
2027H2,Base Case,Iraq,Extreme,Ultra-Luxury,21.8,18.6,21.8,8.6,1,16.7
2026Q3,Pessimistic,Iraq,Extreme,Ultra-Luxury,12.2,10.3,12.2,7.1,0,11.3
2026Q4,Pessimistic,Iraq,Extreme,Ultra-Luxury,15.5,13.2,15.5,11.2,0,16.2
2027H1,Pessimistic,Iraq,Extreme,Ultra-Luxury,11.5,9.7,11.5,3.8,0,8.9
2027H2,Pessimistic,Iraq,Extreme,Ultra-Luxury,21.6,18.3,21.6,17.7,0,18.5
2026Q3,Optimistic,Iraq,Extreme,Luxury/Upper-Upscale,20.1,17.1,20.1,11.3,1,19.2
2026Q4,Optimistic,Iraq,Extreme,Luxury/Upper-Upscale,23.2,19.7,23.2,15.8,0,19.4
2027H1,Optimistic,Iraq,Extreme,Luxury/Upper-Upscale,29.3,24.9,29.3,19.5,1,29.3
2027H2,Optimistic,Iraq,Extreme,Luxury/Upper-Upscale,30.2,25.6,30.2,25.9,0,26.0
2026Q3,Base Case,Iraq,Extreme,Luxury/Upper-Upscale,16.6,14.1,16.6,5.4,0,16.7
2026Q4,Base Case,Iraq,Extreme,Luxury/Upper-Upscale,21.3,18.1,21.3,9.4,0,20.0
2027H1,Base Case,Iraq,Extreme,Luxury/Upper-Upscale,17.1,14.6,17.1,6.6,1,15.4
2027H2,Base Case,Iraq,Extreme,Luxury/Upper-Upscale,26.0,22.1,26.0,8.7,0,22.0
2026Q3,Pessimistic,Iraq,Extreme,Luxury/Upper-Upscale,12.7,10.8,12.7,7.0,0,11.9
2026Q4,Pessimistic,Iraq,Extreme,Luxury/Upper-Upscale,16.0,13.6,16.0,11.9,0,15.3
2027H1,Pessimistic,Iraq,Extreme,Luxury/Upper-Upscale,13.7,11.6,13.7,10.6,0,12.4
2027H2,Pessimistic,Iraq,Extreme,Luxury/Upper-Upscale,13.8,11.7,13.8,5.1,0,11.8
2026Q3,Optimistic,Iraq,Extreme,Mid-Scale,18.6,15.8,18.6,8.6,0,19.2
2026Q4,Optimistic,Iraq,Extreme,Mid-Scale,25.8,21.9,25.8,9.3,1,25.2
2027H1,Optimistic,Iraq,Extreme,Mid-Scale,23.3,19.8,23.3,12.2,1,18.8
2027H2,Optimistic,Iraq,Extreme,Mid-Scale,30.9,26.2,30.9,18.0,0,30.1
2026Q3,Base Case,Iraq,Extreme,Mid-Scale,16.7,14.2,16.7,7.4,0,17.0
2026Q4,Base Case,Iraq,Extreme,Mid-Scale,21.4,18.2,21.4,8.3,1,17.6
2027H1,Base Case,Iraq,Extreme,Mid-Scale,18.6,15.8,18.6,8.4,0,18.0
2027H2,Base Case,Iraq,Extreme,Mid-Scale,24.1,20.5,24.1,18.8,0,22.3
2026Q3,Pessimistic,Iraq,Extreme,Mid-Scale,10.2,8.7,10.2,8.9,0,7.8
2026Q4,Pessimistic,Iraq,Extreme,Mid-Scale,10.5,8.9,10.5,4.5,0,9.2
2027H1,Pessimistic,Iraq,Extreme,Mid-Scale,13.7,11.7,13.7,9.8,0,13.2
2027H2,Pessimistic,Iraq,Extreme,Mid-Scale,14.2,12.0,14.2,11.8,0,11.5
